columna_0,ID CAE,Matricula,TIPO VEHÍCULO,COMBUSTIBLE,Columna4,Columna5,Contrato,Acta de Entrega,Acta Devolución,BAJA,Ficha Técnica,Permiso de Circulación,IVTM,Compañía/Proveedor,Cod.Tipo Contrato,Tipo Contrato,Situación Contrato,f Vig Inicio,F.Vig.Final,Fecha Devolución,Tiempo Prop,Año,Cod.Sit.Contrato,Combustible2,Marca,Modelo/Versión,Cod.Sociedad,Sociedad,Ceco.Imput,Columna1,Matricula nueva,Marca2,Modelo/Versión3,Combustible4,Ceco,Renov. Flota,Fecha Alta,Columna3,Cod.Sociedad5,Pedido,Sociedad6,Ceco imputado,Factura,Comunidad Autonoma,CHASIS/Bastidor,CVA,F3,CVN,L,AE,Columna2,Vacias,Tipo vehículo2,Tipo combustible,CVA2,f2,CVN2,L2,AE [kWh],Comprobación,Comprobación 2,f23,CVN22,L23,columna_65
1.0,CAE500001,9853KXP,M1,GASOLINA,GASOLINA,M1,X,X,X,,X,X,,AYVENS,3,ALQUILER,DEVUELTO,2023-12-26,2024-01-31,2024-01-31,36,2024,7,DIESEL,PEUGEOT,208,1021,MEDICION AVANZADA CONTAD.,357712,1,0696MWT,RENAULT,KANGOO VAN E-TECH ELECTRIC,ELECTRICO,357107,2024,2024-11-29,0,1021,4500426762,MEDICION AVANZADA CONTAD.,,X,COMUNIDAD VALENCIANA,VF1RFK00273824834,5.1,10,17.3,13073,4405.601000000001,M1,CORRECTO ALQUILER,IGUAL,DISTINTO,7.89,9.19,17.92,13073,7136.433042999999,,,DISTINTO,DISTINTO,IGUAL,
2.0,CAE500002,3483KWB,M1,DIESEL,DIESEL,M1,X,X,X,,X,X,,AYVENS,3,ALQUILER,DEVUELTO,2023-12-22,2024-04-11,2024-04-11,111,2024,7,DIESEL,PEUGEOT,208,1021,MEDICION AVANZADA CONTAD.,357712,2,0699MWT,RENAULT,KANGOO VAN E-TECH ELECTRIC,ELECTRICO,357107,2024,2024-11-29,0,1021,4500426781,MEDICION AVANZADA CONTAD.,,X,COMUNIDAD VALENCIANA,VF1RFK00473824835,5.1,10,17.3,13073,4405.601000000001,M1,CORRECTO ALQUILER,IGUAL,IGUAL,6.99,10,17.92,13073,6795.3454,,,IGUAL,DISTINTO,IGUAL,
3.0,CAE500003,0041LWY,M1,DIESEL,DIESEL,M1,X,,X,,X,X,,AYVENS,3,ALQUILER,DEVUELTO,2023-10-03,2023-11-29,2023-11-29,57,2023,7,DIESEL,PEUGEOT,208 100 CV,1505,CGAC,355589,1,1255MJM,PEUGEOT,E-EXPERT PRO 100 KW,ELECTRICO,725455,2023,2023-07-26,0,1505,4500370218,CGAC,,X,CATALUÑA,VF3V1ZKXZPZ005196,5.1,10,28.2,13073,2980.6440000000002,M1,CORRECTO ALQUILER,IGUAL,IGUAL,6.99,10,17.92,13073,6795.3454,,,IGUAL,DISTINTO,IGUAL,
4.0,CAE500004,5713LWX,M1,DIESEL,DIESEL,M1,X,X,X,,X,X,,AYVENS,3,ALQUILER,DEVUELTO,2023-10-03,2023-12-01,2024-04-01,59,2023,7,DIESEL,PEUGEOT,208 100 CV,1505,CGAC,355589,2,2120MFK,RENAULT,KANGOO VAN E-TECH,ELECTRICO,725465,2023,2023-03-09,0,1505,4500351521,CGAC,,X,CATALUÑA,VF1RFK00970687019,5.1,10,17.3,13073,4405.601000000001,M1,CORRECTO ALQUILER,IGUAL,IGUAL,6.99,10,17.92,13073,6795.3454,,,IGUAL,DISTINTO,IGUAL,
5.0,CAE500005,5056LWD,M1,DIESEL,DIESEL,M1,X,,X,,X,X,,AYVENS,3,ALQUILER,DEVUELTO,2024-04-15,2024-05-02,2024-05-02,17,2024,7,DIESEL,PEUGEOT,208 100 CV,1001,AVSA,201347,1,2788MXG,RENAULT,KANGOO VAN E-TECH ELECTRIC,ELECTRICO,201420,2024,2024-12-19,0,1001,4500426876,AVSA,,X,COMUNIDAD VALENCIANA,VF1RFK00273934296,5.1,10,17.3,13073,4405.601000000001,M1,CORRECTO ALQUILER,IGUAL,IGUAL,6.99,10,17.92,13073,6795.3454,,,IGUAL,DISTINTO,IGUAL,
6.0,CAE500006,0370LXS,N1,DIESEL,DIESEL,N1,X,,X,,X,X,,TLM,3,ALQUILER,DEVUELTO,2024-06-04,2024-12-31,2025-03-31,210,2024,7,DIESEL,PEUGEOT,BOXER L2 H2 140 CV,1066,CANALIZ. CIVILES S.A.,10669101,1,8651MWT,RENAULT,KANGOO VAN E-TECH ELECTRIC,ELECTRICO,10669120,2024,2024-11-29,0,1066,4500426872,CANALIZ. CIVILES S.A.,,X,COMUNIDAD VALENCIANA,VF1RFK00073824833,5.6,10,17.3,15815,6120.405,N1,CORRECTO ALQUILER,IGUAL,IGUAL,5.63,10,20.84,15815,5607.998999999999,,,IGUAL,DISTINTO,IGUAL,
7.0,CAE500007,1865LDL,M1,DIESEL,DIESEL,M1,X,X,X,,X,X,,AYVENS,3,ALQUILER,DEVUELTO,2023-12-22,2024-01-30,2024-01-30,39,2024,7,DIESEL,CITROEN,C3,1021,MEDICION AVANZADA CONTAD.,357712,3,0695MWT,RENAULT,KANGOO VAN E-TECH ELECTRIC,ELECTRICO,357706,2024,2024-11-29,0,1021,4500426841,MEDICION AVANZADA CONTAD.,,X,COMUNIDAD VALENCIANA,VF1RFK00773824845,5.1,10,17.3,13073,4405.601000000001,M1,CORRECTO ALQUILER,IGUAL,IGUAL,6.99,10,17.92,13073,6795.3454,,,IGUAL,DISTINTO,IGUAL,
8.0,CAE500008,4295MRH,M1,DIESEL,DIESEL,M1,X,,X,,X,X,,AYVENS,3,ALQUILER,DEVUELTO,2024-06-08,2024-09-30,2025-03-07,114,2024,7,DIESEL,CITROEN,C3 100 CV,1001,AVSA,101353,2,6015MWV,CITROEN,Ë-C3 ELÉCTRICO MAX,ELECTRICO,200567,2024,2024-11-26,0,1001,4500424209,AVSA,,X,COMUNIDAD VALENCIANA,VR7CBZYAXRT152191,5.1,10,16.4,13073,4523.258000000001,M1,CORRECTO ALQUILER,IGUAL,IGUAL,6.99,10,17.92,13073,6795.3454,,,IGUAL,DISTINTO,IGUAL,
9.0,CAE500010,8213KFW,L3e,GASOLINA,GASOLINA,L,X,,,X,X,X,,PROPIEDAD,5,PROPIEDAD,CANCELADO POR SINIESTRO,2017-12-04,2023-02-17,2023-02-17,1901,2023,6,GASOLINA,KYMCO,AGILITY CITY 125 CC,1021,MEDICION AVANZADA CONTAD.,357108,4,0692MWT,RENAULT,KANGOO VAN E-TECH ELECTRIC,ELECTRICO,357706,2024,2024-11-29,1,1021,4500426794,MEDICION AVANZADA CONTAD.,,X,COMUNIDAD VALENCIANA,VF1RFK00173824842,2.9,9.19,17.3,2831,264.7268099999999,L3e,CORRECTO PROPIEDAD,IGUAL,IGUAL,2.9,9.19,4.84,2831,617.4694099999999,,,IGUAL,DISTINTO,IGUAL,
10.0,CAE500011,0909HZB,L3e,GASOLINA,GASOLINA,L,X,,,X,X,X,,PROPIEDAD,5,PROPIEDAD,CANCELADO,2016-09-28,2024-09-26,2024-09-26,2920,2024,4,GASOLINA,KYMCO,AGILITY CITY 125 CC,1021,MEDICION AVANZADA CONTAD.,357108,5,0773MXH,RENAULT,KANGOO VAN E-TECH ELECTRIC,ELECTRICO,357708,2024,2024-12-20,0,1021,4500426849,MEDICION AVANZADA CONTAD.,,X,COMUNIDAD VALENCIANA,VF1RFK00473824852,2.9,9.19,17.3,2831,264.7268099999999,L3e,CORRECTO PROPIEDAD,IGUAL,IGUAL,2.9,9.19,4.84,2831,617.4694099999999,,,IGUAL,DISTINTO,IGUAL,
11.0,CAE500012,1987HGR,L3e,GASOLINA,GASOLINA,L,X,,,X,X,X,,PROPIEDAD,5,PROPIEDAD,CANCELADO,2011-10-14,2024-09-26,2024-10-29,4731,2024,4,GASOLINA,KYMCO,AGILITY CITY 125 CC,1021,MEDICION AVANZADA CONTAD.,357108,6,0823MXH,RENAULT,KANGOO VAN E-TECH ELECTRIC,ELECTRICO,357752,2024,2024-12-20,0,1021,4500426870,MEDICION AVANZADA CONTAD.,,X,COMUNIDAD VALENCIANA,VF1RFK00873824854,2.9,9.19,17.3,2831,264.7268099999999,L3e,CORRECTO PROPIEDAD,IGUAL,IGUAL,2.9,9.19,4.84,2831,617.4694099999999,,,IGUAL,DISTINTO,IGUAL,
12.0,CAE500013,8449HKF,L3e,GASOLINA,GASOLINA,L,,,,X,X,X,X,PROPIEDAD,5,PROPIEDAD,CANCELADO,2012-04-18,2024-09-26,2024-09-26,4544,2024,4,GASOLINA,KYMCO,AGILITY CITY 125 CC,1021,MEDICION AVANZADA CONTAD.,357108,7,0971MXH,RENAULT,KANGOO VAN E-TECH ELECTRIC,ELECTRICO,357708,2024,2024-12-20,0,1021,4500426847,MEDICION AVANZADA CONTAD.,,X,COMUNIDAD VALENCIANA,VF1RFK00073824847,2.9,9.19,17.3,2831,264.7268099999999,L3e,CORRECTO PROPIEDAD,IGUAL,IGUAL,2.9,9.19,4.84,2831,617.4694099999999,,,IGUAL,DISTINTO,IGUAL,
13.0,CAE500014,4579KCW,L3e,GASOLINA,GASOLINA,L,X,,,X,X,X,,PROPIEDAD,5,PROPIEDAD,CANCELADO,2017-09-05,2024-11-08,2024-11-08,2621,2024,4,GASOLINA,KYMCO,AGILITY CITY 125 CC,1053,ISG,355521,1,8349MXG,RENAULT,KANGOO VAN E-TECH ELECTRIC,ELECTRICO,355528,2024,2024-12-20,0,1053,4500426779,ISG,,X,COMUNIDAD VALENCIANA,VF1RFK00373934291,2.9,9.19,17.3,2831,264.7268099999999,L3e,CORRECTO PROPIEDAD,IGUAL,IGUAL,2.9,9.19,4.84,2831,617.4694099999999,,,IGUAL,DISTINTO,IGUAL,
14.0,CAE500015,1485LSB,M1,GASOLINA - Híbridos (HEV),GASOLINA - Híbridos (HEV),M1,X,X,X,,X,X,,AYVENS,1,RENTING,DEVUELTO,44414,2025-08-06,2025-06-04,1461,2025,7,HÍBRIDO,RENAULT,ARKANA TCE 140 CV,1200,EMIVASA,12009006,1,3143MWZ,CITROEN,Ë-C3 ELÉCTRICO MAX,ELECTRICO,100011,2024,2024-12-12,-1,1200,4500424885,EMIVASA,,X,COMUNIDAD VALENCIANA,VR7CBZYA5RT154432,5.1,9.19,16.4,13073,3983.2123699999993,M1,CORRECTO ALQUILER,IGUAL,DISTINTO,5.135,9.19,17.92,13073,3826.5520745,,,IGUAL,DISTINTO,IGUAL,
15.0,CAE500016,3931LLT,M1,GASOLINA,GASOLINA,M1,X,,X,,X,,,AYVENS,1,RENTING,DEVUELTO,44224,2025-01-28,2025-01-30,1461,2025,7,GASOLINA,SEAT,ARONA 1.0 TSI 115 CV,1203,"E.Mixta Metropolitana, SA",12039060,1,6082MWV,CITROEN,Ë-C3 ELÉCTRICO MAX,ELECTRICO,12039060,2024,2024-11-29,-1,1203,4500424805,"E.Mixta Metropolitana, SA",,X,COMUNIDAD VALENCIANA,VR7CBZYA7RT153038,5.1,9.19,16.4,13073,3983.2123699999993,M1,CORRECTO ALQUILER,IGUAL,IGUAL,7.89,9.19,17.92,13073,7136.433042999999,,,IGUAL,DISTINTO,IGUAL,
16.0,CAE500017,5829LLX,M1,GASOLINA,GASOLINA,M1,X,,X,,X,X,,AYVENS,1,RENTING,DEVUELTO,44215,2025-01-19,2025-01-14,1461,2025,7,GASOLINA,SEAT,ARONA 1.0 TSI 115 CV,1001,AVSA,200590,3,9050MWN,CITROEN,Ë-C3 ELÉCTRICO MAX,ELECTRICO,200541,2024,2024-11-26,-1,1001,4500424807,AVSA,,X,COMUNIDAD VALENCIANA,VR7CBZYA1RT152189,5.1,9.19,16.4,13073,3983.2123699999993,M1,CORRECTO ALQUILER,IGUAL,IGUAL,7.89,9.19,17.92,13073,7136.433042999999,,,IGUAL,DISTINTO,IGUAL,
17.0,CAE500018,3904LLT,M1,GASOLINA,GASOLINA,M1,X,,X,,X,X,,AYVENS,1,RENTING,DEVUELTO,44224,2025-02-01,2025-01-14,1465,2025,7,GASOLINA,SEAT,ARONA 1.0 TSI 115 CV,1200,EMIVASA,12009060,2,3133MWZ,CITROEN,Ë-C3 ELÉCTRICO MAX,ELECTRICO,200020,2024,2024-12-12,-1,1200,4500424896,EMIVASA,,X,COMUNIDAD VALENCIANA,VR7CBZYA2RT154436,5.1,9.19,16.4,13073,3983.2123699999993,M1,CORRECTO ALQUILER,IGUAL,IGUAL,7.89,9.19,17.92,13073,7136.433042999999,,,IGUAL,DISTINTO,IGUAL,
18.0,CAE500019,9417LKC,M1,DIESEL,DIESEL,M1,X,,X,,X,,,AYVENS,1,RENTING,DEVUELTO,44133,2024-10-29,2025-01-15,1461,2024,7,DIESEL,SEAT,ARONA 1.6 TDI 95 CV,1200,EMIVASA,12009060,3,3105MWZ,CITROEN,Ë-C3 ELÉCTRICO MAX,ELECTRICO,200020,2024,2024-12-12,0,1200,4500424877,EMIVASA,,X,COMUNIDAD VALENCIANA,VR7CBZYA3RT153022,5.1,10,16.4,13073,4523.258000000001,M1,CORRECTO ALQUILER,IGUAL,IGUAL,6.99,10,17.92,13073,6795.3454,,,IGUAL,DISTINTO,IGUAL,
19.0,CAE500020,9418LKC,M1,DIESEL,DIESEL,M1,X,,X,,X,X,,AYVENS,1,RENTING,DEVUELTO,44133,2024-10-29,2025-01-22,1461,2024,7,DIESEL,SEAT,ARONA 1.6 TDI 95 CV,1001,AVSA,101702,4,6028MWV,CITROEN,Ë-C3 ELÉCTRICO MAX,ELECTRICO,200590,2024,2024-11-26,0,1001,4500424796,AVSA,,X,COMUNIDAD VALENCIANA,VR7CBZYA2RT152184,5.1,10,16.4,13073,4523.258000000001,M1,CORRECTO ALQUILER,IGUAL,IGUAL,6.99,10,17.92,13073,6795.3454,,,IGUAL,DISTINTO,IGUAL,
20.0,CAE500030,9428LKC,M1,DIESEL,DIESEL,M1,X,,,,x,x,,AYVENS,1,RENTING,CANCELADO POR SINIESTRO,44133,2024-10-29,2024-10-29,1461,2024,6,DIESEL,SEAT,ARONA 1.6 TDI 95 CV,1001,AVSA,200750,5,6029MWV,CITROEN,Ë-C3 ELÉCTRICO MAX,ELECTRICO,200714,2024,2024-11-29,0,1001,4500424793,AVSA,,X,COMUNIDAD VALENCIANA,VR7CBZYA7RT152178,5.1,10,16.4,13073,4523.258000000001,M1,FALSO ALQUILER,IGUAL,IGUAL,6.99,10,17.92,13073,6795.3454,,,IGUAL,DISTINTO,IGUAL,
21.0,CAE500044,9431LKC,M1,DIESEL,DIESEL,M1,X,,X,,X,X,,AYVENS,1,RENTING,DEVUELTO,44133,2024-10-29,2025-01-16,1461,2024,7,DIESEL,SEAT,ARONA 1.6 TDI 95 CV,1001,AVSA,200300,6,6042MWV,CITROEN,Ë-C3 ELÉCTRICO MAX,ELECTRICO,201510,2024,2024-11-29,0,1001,4500424791,AVSA,,X,COMUNIDAD VALENCIANA,VR7CBZYA0RT152183,5.1,10,16.4,13073,4523.258000000001,M1,CORRECTO ALQUILER,IGUAL,IGUAL,6.99,10,17.92,13073,6795.3454,,,IGUAL,DISTINTO,IGUAL,
22.0,CAE500045,9494LKC,M1,DIESEL,DIESEL,M1,X,,X,,X,X,,AYVENS,1,RENTING,DEVUELTO,44133,2024-10-29,2025-01-14,1461,2024,7,DIESEL,SEAT,ARONA 1.6 TDI 95 CV,1001,AVSA,200542,7,6046MWV,CITROEN,Ë-C3 ELÉCTRICO MAX,ELECTRICO,200560,2024,2024-11-29,0,1001,4500424792,AVSA,,X,COMUNIDAD VALENCIANA,VR7CBZYA9RT152182,5.1,10,16.4,13073,4523.258000000001,M1,CORRECTO ALQUILER,IGUAL,IGUAL,6.99,10,17.92,13073,6795.3454,,,IGUAL,DISTINTO,IGUAL,
23.0,CAE500046,0818LKK,M1,DIESEL,DIESEL,M1,X,,X,,X,X,,AYVENS,1,RENTING,DEVUELTO,44134,2024-10-30,2025-01-10,1461,2024,7,DIESEL,SEAT,ARONA 1.6 TDI 95 CV,1021,MEDICION AVANZADA CONTAD.,357108,8,6492MWV,CITROEN,Ë-C3 ELÉCTRICO MAX,ELECTRICO,357108,2024,2024-11-29,0,1021,4500424794,MEDICION AVANZADA CONTAD.,,X,COMUNIDAD VALENCIANA,VR7CBZYA5RT154429,5.1,10,16.4,13073,4523.258000000001,M1,CORRECTO ALQUILER,IGUAL,IGUAL,6.99,10,17.92,13073,6795.3454,,,IGUAL,DISTINTO,IGUAL,
24.0,CAE500047,4170LKY,M1,DIESEL,DIESEL,M1,X,,X,,X,X,,AYVENS,1,RENTING,DEVUELTO,44166,2024-12-01,2025-01-29,1461,2024,7,DIESEL,SEAT,ARONA 1.6 TDI 95 CV,1200,EMIVASA,12009060,4,3121MWZ,CITROEN,Ë-C3 ELÉCTRICO MAX,ELECTRICO,100041,2024,2024-12-12,0,1200,4500424898,EMIVASA,,X,COMUNIDAD VALENCIANA,VR7CBZYA1RT153035,5.1,10,16.4,13073,4523.258000000001,M1,CORRECTO ALQUILER,IGUAL,IGUAL,6.99,10,17.92,13073,6795.3454,,,IGUAL,DISTINTO,IGUAL,
25.0,CAE500050,8030LKY,M1,DIESEL,DIESEL,M1,X,,X,,X,X,,AYVENS,1,RENTING,DEVUELTO,44166,2024-12-01,2025-01-16,1461,2024,7,DIESEL,SEAT,ARONA 1.6 TDI 95 CV,1021,MEDICION AVANZADA CONTAD.,357107,9,6493MWV,CITROEN,Ë-C3 ELÉCTRICO MAX,ELECTRICO,357107,2024,2024-11-29,0,1021,4500424809,MEDICION AVANZADA CONTAD.,,X,COMUNIDAD VALENCIANA,VR7CBZYA2RT152198,5.1,10,16.4,13073,4523.258000000001,M1,CORRECTO ALQUILER,IGUAL,IGUAL,6.99,10,17.92,13073,6795.3454,,,IGUAL,DISTINTO,IGUAL,
26.0,CAE500051,8066LKY,M1,DIESEL,DIESEL,M1,X,,X,,X,X,,AYVENS,1,RENTING,DEVUELTO,44166,2024-12-01,2025-01-30,1461,2024,7,DIESEL,SEAT,ARONA 1.6 TDI 95 CV,1200,EMIVASA,12009060,5,3122MWZ,CITROEN,Ë-C3 ELÉCTRICO MAX,ELECTRICO,200028,2024,2024-12-12,0,1200,4500424889,EMIVASA,,X,COMUNIDAD VALENCIANA,VR7CBZYA7RT154433,5.1,10,16.4,13073,4523.258000000001,M1,CORRECTO ALQUILER,IGUAL,IGUAL,6.99,10,17.92,13073,6795.3454,,,IGUAL,DISTINTO,IGUAL,
27.0,CAE500054,0269LLK,M1,DIESEL,DIESEL,M1,X,,X,,X,X,,AYVENS,1,RENTING,DEVUELTO,44179,2024-12-14,2025-01-23,1461,2024,7,DIESEL,SEAT,ARONA 1.6 TDI 95 CV,1001,AVSA,201701,8,6094MWV,CITROEN,Ë-C3 ELÉCTRICO MAX,ELECTRICO,200317,2024,2024-11-29,0,1001,4500426700,AVSA,,X,COMUNIDAD VALENCIANA,VR7CBZYA4ST000168,5.1,10,16.4,13073,4523.258000000001,M1,CORRECTO ALQUILER,IGUAL,IGUAL,6.99,10,17.92,13073,6795.3454,,,IGUAL,DISTINTO,IGUAL,
28.0,CAE500055,9413LKC,M1,DIESEL,DIESEL,M1,X,,X,,X,X,,AYVENS,1,RENTING,DEVUELTO,44153,2024-11-18,2025-02-04,1461,2024,7,DIESEL,SEAT,ARONA 1.6 TDI 95 CV,1505,CGAC,205567,3,8606MWT,RENAULT,KANGOO VAN E-TECH ELECTRIC,ELECTRICO,355577,2024,2024-11-29,0,1505,4500426774,CGAC,,X,CATALUÑA,VF1RFK00073824797,5.1,10,17.3,13073,4405.601000000001,M1,CORRECTO ALQUILER,IGUAL,IGUAL,6.99,10,17.92,13073,6795.3454,,,IGUAL,DISTINTO,IGUAL,
29.0,CAE500056,9455LKC,M1,DIESEL,DIESEL,M1,X,,X,,X,X,,AYVENS,1,RENTING,DEVUELTO,44153,2024-11-18,2025-01-27,1461,2024,7,DIESEL,SEAT,ARONA 1.6 TDI 95 CV,1064,AYWA SER.AMBIENTALES SL,10649080,1,3147MXJ,RENAULT,KANGOO VAN E-TECH ELECTRIC,ELECTRICO,DEFINIR,2024,2024-12-23,0,1064,X,AYWA SER.AMBIENTALES SL,,X,COMUNIDAD VALENCIANA,VF1RFK00073934300,5.1,10,17.3,13073,4405.601000000001,M1,CORRECTO ALQUILER,IGUAL,IGUAL,6.99,10,17.92,13073,6795.3454,,,IGUAL,DISTINTO,IGUAL,
30.0,CAE500057,5243LKX,M1,DIESEL,DIESEL,M1,X,,X,,X,X,,AYVENS,1,RENTING,DEVUELTO,44166,2024-12-01,2025-01-13,1461,2024,7,DIESEL,SEAT,ARONA 1.6 TDI 95 CV,1066,CANALIZ. CIVILES S.A.,10669100,2,8658MWT,RENAULT,KANGOO VAN E-TECH ELECTRIC,ELECTRICO,356006,2024,2024-11-29,0,1066,4500426798,CANALIZ. CIVILES S.A.,,X,COMUNIDAD VALENCIANA,VF1RFK00273824820,5.1,10,17.3,13073,4405.601000000001,M1,CORRECTO ALQUILER,IGUAL,IGUAL,6.99,10,17.92,13073,6795.3454,,,IGUAL,DISTINTO,IGUAL,
31.0,CAE500058,5255LKX,M1,DIESEL,DIESEL,M1,X,,X,,X,X,,AYVENS,1,RENTING,DEVUELTO,44215,2025-01-19,2025-01-20,1461,2025,7,DIESEL,SEAT,ARONA 1.6 TDI 95 CV,1001,AVSA,200784,9,6370MXF,RENAULT,KANGOO VAN E-TECH ELECTRIC,ELECTRICO,350535,2024,2024-12-19,-1,1001,4500426771,AVSA,,X,COMUNIDAD VALENCIANA,VF1RFK00373824888,5.1,10,17.3,13073,4405.601000000001,M1,CORRECTO ALQUILER,IGUAL,IGUAL,6.99,10,17.92,13073,6795.3454,,,IGUAL,DISTINTO,IGUAL,
32.0,CAE500059,9276LMB,M1,DIESEL,DIESEL,M1,X,,X,,x,x,,AYVENS,1,RENTING,DEVUELTO,44215,2025-01-19,2025-02-05,1461,2025,7,DIESEL,SEAT,ARONA 1.6 TDI 95 CV,1053,ISG,355528,2,8392MXG,RENAULT,KANGOO VAN E-TECH ELECTRIC,ELECTRICO,355457,2024,2024-12-20,-1,1053,4500426874,ISG,,X,COMUNIDAD VALENCIANA,VF1RFK00273934282,5.1,10,17.3,13073,4405.601000000001,M1,CORRECTO ALQUILER,IGUAL,IGUAL,6.99,10,17.92,13073,6795.3454,,,IGUAL,DISTINTO,IGUAL,
33.0,CAE500060,4988LLY,M1,DIESEL,DIESEL,M1,X,,X,,X,X,,AYVENS,1,RENTING,DEVUELTO,44215,2025-01-19,2025-02-06,1461,2025,7,DIESEL,SEAT,ARONA 1.6 TDI 95 CV,1004,G.O.MEDIOAMBIENTE S.L.,204427,1,6051KRV,RENAULT,ZOE 40,ELECTRICO,724317,2024,2018-12-01,-1,1004,4500399254,G.O.MEDIOAMBIENTE S.L.,,X,COMUNIDAD VALENCIANA,VF1AG000561226133,5.1,10,13.3,13073,4928.521,M1,CORRECTO ALQUILER,IGUAL,IGUAL,6.99,10,17.92,13073,6795.3454,,,IGUAL,DISTINTO,IGUAL,
34.0,CAE500061,0251LLK,M1,DIESEL,DIESEL,M1,X,,X,,X,X,,AYVENS,1,RENTING,CANCELADO POR SINIESTRO,44237,2025-02-10,2024-10-29,1461,2025,6,DIESEL,SEAT,ARONA 1.6 TDI 95 CV,1053,ISG,355539,3,0602KHK,RENAULT,ZOE 40,ELECTRICO,355539,2024,2018-02-09,-1,1053,4500409585,ISG,,X,COMUNIDAD VALENCIANA,VF1AGVYF059267878,5.1,10,13.3,13073,4928.521,M1,CORRECTO ALQUILER,IGUAL,IGUAL,6.99,10,17.92,13073,6795.3454,,,IGUAL,DISTINTO,IGUAL,
35.0,CAE500064,0246LLK,M1,DIESEL,DIESEL,M1,X,,X,,X,X,,AYVENS,1,RENTING,DEVUELTO,44186,2024-12-21,2025-04-11,1461,2024,7,DIESEL,SEAT,ARONA 1.6 TDI 95 CV,1004,G.O.MEDIOAMBIENTE S.L.,200101,2,6727LMH,SILENCE,SEAT MO E 125 CC,ELECTRICO,724236,2024,2024-04-09,0,1004,4500398936,G.O.MEDIOAMBIENTE S.L.,,X,COMUNIDAD VALENCIANA,UCYS01S0ZMB000266,5.1,10,7,13073,5752.12,M1,CORRECTO ALQUILER,IGUAL,IGUAL,6.99,10,17.92,13073,6795.3454,,,IGUAL,DISTINTO,IGUAL,
36.0,CAE500065,4456KVD,M1,DIESEL,DIESEL,M1,X,X,X,,X,X,,AYVENS,1,RENTING,DEVUELTO,43578,2023-04-23,2023-02-23,1461,2023,7,DIESEL,OPEL,ASTRA 1.6 CDTI 110 CV,1066,CANALIZ. CIVILES S.A.,10669101,3,6022MWV,CITROEN,Ë-C3 ELÉCTRICO MAX,ELECTRICO,10669120,2024,2024-11-29,1,1066,4500426701,CANALIZ. CIVILES S.A.,,X,COMUNIDAD VALENCIANA,VR7CBZYA1ST000158,5.1,10,16.4,13073,4523.258000000001,M1,CORRECTO ALQUILER,IGUAL,IGUAL,6.99,10,17.92,13073,6795.3454,,,IGUAL,DISTINTO,IGUAL,
37.0,CAE500066,8298KZS,M1,DIESEL,DIESEL,M1,X,,X,,X,X,,AYVENS,1,RENTING,DEVUELTO,43726,2024-09-18,2024-09-06,1827,2024,7,DIESEL,OPEL,ASTRA 1.6 CDTI 110 CV,1001,AVSA,10019946,10,6007MWV,CITROEN,Ë-C3 ELÉCTRICO MAX,ELECTRICO,200738,2024,2024-11-26,0,1001,4500424789,AVSA,,X,COMUNIDAD VALENCIANA,VR7CBZYA9RT152179,5.1,10,16.4,13073,4523.258000000001,M1,CORRECTO ALQUILER,IGUAL,IGUAL,6.99,10,17.92,13073,6795.3454,,,IGUAL,DISTINTO,IGUAL,
38.0,CAE500067,9019LBN,M1,DIESEL,DIESEL,M1,X,X,X,,X,X,,AYVENS,1,RENTING,DEVUELTO,43749,2024-10-11,2024-10-02,1827,2024,7,DIESEL,OPEL,ASTRA 1.6 CDTI 110 CV,1004,G.O.MEDIOAMBIENTE S.L.,10049946,3,6442MWV,CITROEN,Ë-C3 ELÉCTRICO MAX,ELECTRICO,204427,2024,2024-11-29,0,1004,4500424798,G.O.MEDIOAMBIENTE S.L.,,X,COMUNIDAD VALENCIANA,VR7CBZYA9RT153042,5.1,10,16.4,13073,4523.258000000001,M1,CORRECTO ALQUILER,IGUAL,IGUAL,6.99,10,17.92,13073,6795.3454,,,IGUAL,DISTINTO,IGUAL,
39.0,CAE500068,9105KTC,M1,DIESEL,DIESEL,M1,X,X,X,,X,X,,AYVENS,1,RENTING,CANCELADO POR SINIESTRO,43522,2024-02-26,2023-03-13,1826,2024,6,DIESEL,OPEL,ASTRA 1.6 CDTI 110 CV,1004,G.O.MEDIOAMBIENTE S.L.,10049946,4,1178MSX,NISSAN,TOWNSTAR,ELECTRICO,724557,2024,2024-07-10,0,1004,4500407442,G.O.MEDIOAMBIENTE S.L.,,X,COMUNIDAD VALENCIANA,VNVNFK00X70248339,5.1,10,20,13073,4052.63,M1,CORRECTO ALQUILER,IGUAL,IGUAL,6.99,10,17.92,13073,6795.3454,,,IGUAL,DISTINTO,IGUAL,
40.0,CAE500069,4793KWD,M1,DIESEL,DIESEL,M1,X,,X,,X,X,,AYVENS,1,RENTING,DEVUELTO,43584,2023-04-29,2023-04-20,1461,2023,7,DIESEL,OPEL,ASTRA 1.6 CDTI 110 CV,1001,AVSA,200783,11,2705MXG,RENAULT,KANGOO VAN E-TECH ELECTRIC,ELECTRICO,200567,2024,2024-12-19,1,1001,4500426873,AVSA,,X,COMUNIDAD VALENCIANA,VF1RFK00073934264,5.1,10,17.3,13073,4405.601000000001,M1,CORRECTO ALQUILER,IGUAL,IGUAL,6.99,10,17.92,13073,6795.3454,,,IGUAL,DISTINTO,IGUAL,
41.0,CAE500070,4296LBD,M1,DIESEL,DIESEL,M1,X,,X,,X,X,,AYVENS,1,RENTING,DEVUELTO,43747,2023-10-09,2023-09-06,1461,2023,7,DIESEL,OPEL,ASTRA 1.6 CDTI 110 CV,1066,CANALIZ. CIVILES S.A.,10669121,4,8626MWT,RENAULT,KANGOO VAN E-TECH ELECTRIC,ELECTRICO,356006,2024,2024-11-29,1,1066,4500426766,CANALIZ. CIVILES S.A.,,X,COMUNIDAD VALENCIANA,VF1RFK00X73824810,5.1,10,17.3,13073,4405.601000000001,M1,CORRECTO ALQUILER,IGUAL,IGUAL,6.99,10,17.92,13073,6795.3454,,,IGUAL,DISTINTO,IGUAL,
42.0,CAE500071,7017KWW,M1,DIESEL,DIESEL,M1,X,,X,,X,X,,AYVENS,1,RENTING,DEVUELTO,43619,2024-07-03,2025-01-24,1857,2024,7,DIESEL,OPEL,ASTRA 1.6 CDTI 110 CV,1001,AVSA,10019946,12,5360MXF,RENAULT,KANGOO VAN E-TECH ELECTRIC,ELECTRICO,350535,2024,2024-12-19,0,1001,4500426758,AVSA,,X,COMUNIDAD VALENCIANA,VF1RFK00873824885,5.1,10,17.3,13073,4405.601000000001,M1,CORRECTO ALQUILER,IGUAL,IGUAL,6.99,10,17.92,13073,6795.3454,,,IGUAL,DISTINTO,IGUAL,
43.0,CAE500072,8891LBN,M1,DIESEL,DIESEL,M1,X,X,X,,X,X,,AYVENS,1,RENTING,DEVUELTO,43749,2024-10-11,2024-07-05,1827,2024,7,DIESEL,OPEL,ASTRA 1.6 CDTI 110 CV,1002,G.O.INVERSIONES S.L.,10029200,1,6952MXF,RENAULT,KANGOO VAN E-TECH ELECTRIC,ELECTRICO,200370,2024,2024-12-19,0,1002,4500426808,G.O.INVERSIONES S.L.,,X,COMUNIDAD VALENCIANA,VF1RFK00873934304,5.1,10,17.3,13073,4405.601000000001,M1,CORRECTO ALQUILER,IGUAL,IGUAL,6.99,10,17.92,13073,6795.3454,,,IGUAL,DISTINTO,IGUAL,
44.0,CAE500074,7190JDY,M/G,GASOLINA,GASOLINA,,,,,,X,,,OTROS,8,OTROS AUTORIZADOS,CANCELADO,42116,2024-03-31,2024-03-31,3266,2024,4,HÍBRIDO,TOYOTA,AURIS,1001,AVSA,10019946,13,2737MXG,RENAULT,KANGOO VAN E-TECH ELECTRIC,ELECTRICO,100599,2024,2024-12-19,0,1001,4500426786,AVSA,,X,COMUNIDAD VALENCIANA,VF1RFK00573824889,5.1,9.19,17.3,13073,3865.5553699999987,M1,FALSO ALQUILER,DISTINTO,DISTINTO,,9.19,,,,"Es GASOLINA, pone M/G",,IGUAL,DISTINTO,DISTINTO,
45.0,CAE500075,4161FVT,N1,GASOIL,DIESEL,N1,X,X,X,,X,X,,TLM,3,ALQUILER,DEVUELTO,2023-05-29,2023-09-20,2023-09-20,114,2023,7,DIESEL,NISSAN,CABSTAR 130 CV,1066,CANALIZ. CIVILES S.A.,356004,5,6037MWV,CITROEN,Ë-C3 ELÉCTRICO MAX,ELECTRICO,356010,2024,2024-11-29,1,1066,4500426703,CANALIZ. CIVILES S.A.,,X,COMUNIDAD VALENCIANA,VR7CBZYA9ST000165,5.6,10,16.4,15815,6262.740000000001,N1,CORRECTO ALQUILER,IGUAL,IGUAL,5.63,10,20.84,15815,5607.998999999999,,,IGUAL,DISTINTO,IGUAL,
46.0,CAE500077,4836MGD,M1,DIESEL,DIESEL,M1,X,,X,,X,X,,AYVENS,3,ALQUILER,DEVUELTO,2023-10-03,2023-12-18,2023-12-18,76,2023,7,DIESEL,RENAULT,CLIO 1.5 DCI 100 CV,1505,CGAC,355589,4,2087MJP,RENAULT,KANGOO VAN E-TECH,ELECTRICO,725465,2023,2023-07-28,0,1505,4500351520,CGAC,,X,CATALUÑA,VF1RFK00670686992,5.1,10,17.3,13073,4405.601000000001,M1,CORRECTO ALQUILER,IGUAL,IGUAL,6.99,10,17.92,13073,6795.3454,,,IGUAL,DISTINTO,IGUAL,
47.0,CAE500080,7621KGX,M1,DIESEL,DIESEL,M1,,,X,,,x,x,AYVENS,3,ALQUILER,DEVUELTO,2023-02-01,2023-02-27,2023-02-27,26,2023,7,DIESEL,RENAULT,CLIO 1.5 DCI 75 CV,1505,CGAC,725485,5,0767MJM,PEUGEOT,E-PARTNER PRO 100 KW,ELECTRICO,725455,2023,2023-07-26,0,1505,4500370216,CGAC,,X,CATALUÑA,VR3EAZKXZPJ701046,5.1,10,22.7,13073,3699.6590000000006,M1,FALSO ALQUILER,IGUAL,IGUAL,6.99,10,17.92,13073,6795.3454,,,IGUAL,DISTINTO,IGUAL,
48.0,CAE500081,7706KJH,M1,DIESEL,DIESEL,M1,,,x,,,x,x,AYVENS,3,ALQUILER,DEVUELTO,2023-02-01,2023-02-27,2023-02-27,26,2023,7,DIESEL,RENAULT,CLIO 1.5 DCI 75 CV,1505,CGAC,725485,6,0777MJM,PEUGEOT,E-PARTNER PRO 100 KW,ELECTRICO,725455,2023,2023-07-26,0,1505,4500370232,CGAC,,X,CATALUÑA,VR3EAZKXZPJ701037,5.1,10,22.7,13073,3699.6590000000006,M1,FALSO ALQUILER,IGUAL,IGUAL,6.99,10,17.92,13073,6795.3454,,,IGUAL,DISTINTO,IGUAL,
49.0,CAE500082,5351MGK,M1,DIESEL,DIESEL,M1,X,X,X,,X,X,,AYVENS,3,ALQUILER,DEVUELTO,2023-10-03,2024-03-21,2024-03-21,170,2024,7,DIESEL,RENAULT,CLIO DCI 100 CV,1505,CGAC,355589,7,1666MGR,OPEL,VIVARO E-FURGON,ELECTRICO,725485,2023,2023-05-05,-1,1505,4500352855,CGAC,,X,CATALUÑA,VXEV1ZKXZPZ019578,5.1,10,28.1,13073,2993.7169999999996,M1,CORRECTO ALQUILER,IGUAL,IGUAL,6.99,10,17.92,13073,6795.3454,,,IGUAL,DISTINTO,IGUAL,
50.0,CAE500083,5262MGK,M1,DIESEL,DIESEL,M1,X,,X,,X,X,,AYVENS,3,ALQUILER,DEVUELTO,2023-10-03,2023-11-29,2023-11-29,57,2023,7,DIESEL,RENAULT,CLIO DCI 100 CV,1505,CGAC,355589,8,1258MJM,PEUGEOT,E-EXPERT PRO 100 KW,ELECTRICO,725441,2023,2023-07-26,0,1505,4500370368,CGAC,,X,CATALUÑA,VF3V1ZKXZPZ027825,5.1,10,28.2,13073,2980.6440000000002,M1,CORRECTO ALQUILER,IGUAL,IGUAL,6.99,10,17.92,13073,6795.3454,,,IGUAL,DISTINTO,IGUAL,
51.0,CAE500084,4655MGJ,M1,DIESEL,DIESEL,M1,X,,,,x,x,,AYVENS,3,ALQUILER,DEVUELTO,2023-10-03,2024-03-31,2023-12-05,180,2024,7,DIESEL,OPEL,CORSA 1.5 D 100 CV,1505,CGAC,355589,9,1667MGR,OPEL,VIVARO E-FURGON,ELECTRICO,725465,2023,2023-05-05,-1,1505,4500351861,CGAC,,X,CATALUÑA,VXEV1ZKXZPZ019580,5.1,10,28.1,13073,2993.7169999999996,M1,FALSO ALQUILER,IGUAL,IGUAL,6.99,10,17.92,13073,6795.3454,,,IGUAL,DISTINTO,IGUAL,
52.0,CAE500086,4223LJV,N1,DIESEL,DIESEL,N1,X,,X,,X,X,,VWRENTING,1,RENTING,DEVUELTO,44088,2024-09-14,2024-12-09,1461,2024,7,DIESEL,VOLKSWAGEN,CADDY 2.0 TDI 102 CV,1507,EMP.AG.POTABL.MALGRAT SA,201507,1,4621MVB,NISSAN,TOWNSTAR,ELECTRICO,201507,2024,2024-09-16,0,1507,4500413615,EMP.AG.POTABL.MALGRAT SA,,X,CATALUÑA,VNVNFK00X70531114,5.6,10,20,15815,5693.4,N1,CORRECTO ALQUILER,IGUAL,IGUAL,5.63,10,20.84,15815,5607.998999999999,,,IGUAL,DISTINTO,IGUAL,
53.0,CAE500087,3043KBJ,N1,DIESEL,DIESEL,N1,X,X,X,,X,X,,AYVENS,1,RENTING,DEVUELTO,42923,2024-09-30,2025-05-22,2642,2024,7,DIESEL,VOLKSWAGEN,CADDY 4*4 2.0 TDI 122 CV,1053,ISG,355458,4,6128MWV,CITROEN,Ë-C3 ELÉCTRICO MAX,ELECTRICO,355539,2024,2024-11-29,0,1053,4500424790,ISG,,X,COMUNIDAD VALENCIANA,VR7CBZYA8RT154442,5.6,10,16.4,15815,6262.740000000001,N1,CORRECTO ALQUILER,IGUAL,IGUAL,5.63,10,20.84,15815,5607.998999999999,,,IGUAL,DISTINTO,IGUAL,
54.0,CAE500088,3598LKS,N1,DIESEL,DIESEL,N1,X,X,X,,X,X,,AYVENS,1,RENTING,CANCELADO POR SINIESTRO,44166,2024-12-01,2024-10-16,1461,2024,6,DIESEL,VOLKSWAGEN,CADDY 4*4 2.0 TDI 122 CV,1001,AVSA,200738,14,6087MWV,CITROEN,Ë-C3 ELÉCTRICO MAX,ELECTRICO,200784,2024,2024-11-29,0,1001,4500424802,AVSA,,X,COMUNIDAD VALENCIANA,VR7CBZYA7RT152214,5.6,10,16.4,15815,6262.740000000001,N1,CORRECTO ALQUILER,IGUAL,IGUAL,5.63,10,20.84,15815,5607.998999999999,,,IGUAL,DISTINTO,IGUAL,
55.0,CAE500089,5013LLF,N1,DIESEL,DIESEL,N1,X,X,X,,X,X,,AYVENS,1,RENTING,DEVUELTO,44176,2024-12-11,2025-06-30,1461,2024,7,DIESEL,VOLKSWAGEN,CADDY 4*4 2.0 TDI 122 CV,1053,ISG,355528,5,8387MXG,RENAULT,KANGOO VAN E-TECH ELECTRIC,ELECTRICO,355458,2024,2024-12-20,0,1053,4500426879,ISG,,X,COMUNIDAD VALENCIANA,VF1RFK00973934294,5.6,10,17.3,15815,6120.405,N1,CORRECTO ALQUILER,IGUAL,IGUAL,5.63,10,20.84,15815,5607.998999999999,,,IGUAL,DISTINTO,IGUAL,
56.0,CAE500091,3569LKS,N1,DIESEL,DIESEL,N1,X,X,X,,X,X,,AYVENS,1,RENTING,CANCELADO POR SINIESTRO,44189,2024-12-24,2024-11-07,1461,2024,6,DIESEL,VOLKSWAGEN,CADDY 4*4 2.0 TDI 122 CV,1505,CGAC,355490,10,8616MWT,RENAULT,KANGOO VAN E-TECH ELECTRIC,ELECTRICO,205351,2024,2024-11-29,0,1505,4500426787,CGAC,,X,CATALUÑA,VF1RFK00273824803,5.6,10,17.3,15815,6120.405,N1,CORRECTO ALQUILER,IGUAL,IGUAL,5.63,10,20.84,15815,5607.998999999999,,,IGUAL,DISTINTO,IGUAL,
57.0,CAE500092,5443LLD,M1,DIESEL,DIESEL,M1,X,X,X,,X,X,,AYVENS,1,RENTING,DEVUELTO,44176,2024-12-11,2025-05-29,1461,2024,7,DIESEL,VOLKSWAGEN,CADDY 4*4 2.0 TDI 122 CV KOMBI,1001,AVSA,10019060,15,6089MWV,CITROEN,Ë-C3 ELÉCTRICO MAX,ELECTRICO,101702,2024,2024-11-29,0,1001,4500424812,AVSA,,X,COMUNIDAD VALENCIANA,VR7CBZYA7RT152181,5.6,10,16.4,15815,6262.740000000001,N1,CORRECTO ALQUILER,DISTINTO,IGUAL,6.99,10,17.92,13073,6795.3454,,,IGUAL,DISTINTO,DISTINTO,
58.0,CAE500093,5493LLD,M1,DIESEL,DIESEL,M1,X,X,X,,X,X,,AYVENS,1,RENTING,DEVUELTO,44176,2024-12-11,2025-03-11,1461,2024,7,DIESEL,VOLKSWAGEN,CADDY 4*4 2.0 TDI 122 CV KOMBI,1203,"E.Mixta Metropolitana, SA",101224,2,6245MWV,CITROEN,Ë-C3 ELÉCTRICO MAX,ELECTRICO,101243,2024,2024-11-29,0,1203,4500424806,"E.Mixta Metropolitana, SA",,X,COMUNIDAD VALENCIANA,VR7CBZYA5RT153040,5.6,10,16.4,15815,6262.740000000001,N1,CORRECTO ALQUILER,DISTINTO,IGUAL,6.99,10,17.92,13073,6795.3454,Pone M/G,,IGUAL,DISTINTO,DISTINTO,M
59.0,CAE500095,3128GKL,N3,GASOIL,DIESEL,N3,,,,X,X,X,,PROPIEDAD,5,PROPIEDAD,CANCELADO,2009-01-14,2024-10-09,2024-10-09,5747,2024,4,DIESEL,RENAULT,CAMION CISTERNA 18 TN,1053,ISG,357710,6,8249MXG,RENAULT,KANGOO VAN E-TECH ELECTRIC,ELECTRICO,355528,2024,2024-12-20,0,1053,4500426783,ISG,,X,COMUNIDAD VALENCIANA,VF1RFK00273934279,35,10,17.3,53508,178021.116,N3,CORRECTO PROPIEDAD,IGUAL,IGUAL,35,10,118.53,53508,123854.9676,,,IGUAL,DISTINTO,IGUAL,
60.0,CAE500097,9165FXM,N3,GASOIL,DIESEL,N3,,,,X,X,X,,PROPIEDAD,5,PROPIEDAD,CANCELADO,2007-11-21,2024-02-19,2024-02-19,5934,2024,4,DIESEL,VOLVO,CAMION CISTERNA 26 TN,1053,ISG,357710,7,6125MWV,CITROEN,Ë-C3 ELÉCTRICO MAX,ELECTRICO,357710,2024,2024-11-29,0,1053,4500424814,ISG,,X,COMUNIDAD VALENCIANA,VR7CBZYA4RT153045,35,10,16.4,53508,178502.68800000002,N3,CORRECTO PROPIEDAD,IGUAL,IGUAL,35,10,118.53,53508,123854.9676,,,IGUAL,DISTINTO,IGUAL,
61.0,CAE500098,V6288GB,N1,DIESEL,DIESEL,N1,,,,X,X,X,,PROPIEDAD,5,PROPIEDAD,CANCELADO,1998-05-11,2023-02-15,2023-02-15,9046,2023,4,DIESEL,MITSUBISHI,CAMION CISTERNA 3.5 TN,1053,ISG,357711,8,6124MWV,CITROEN,Ë-C3 ELÉCTRICO MAX,ELECTRICO,355703,2024,2024-11-29,1,1053,4500424819,ISG,,X,COMUNIDAD VALENCIANA,VR7CBZYA3RT154445,35,10,16.4,53508,178502.68800000002,N3,CORRECTO PROPIEDAD,DISTINTO,IGUAL,5.63,10,20.84,15815,5607.998999999999,Es N1,,IGUAL,DISTINTO,DISTINTO,
62.0,CAE500099,C0296BMW,L3e,GASOLINA,GASOLINA,L,,,,X,,,,PROPIEDAD,5,PROPIEDAD,CANCELADO,2003-12-01,2024-11-29,2024-11-29,7669,2024,4,GASOLINA,PEUGEOT,CICLOMOTOR TREKKER 50,1490,EMPRESA MIXTA CALPE,208754,1,7151MXV,RENAULT,KANGOO VAN E-TECH,ELECTRICO,908755,2025,2025-01-17,1,1490,4500426844,EMPRESA MIXTA CALPE,,X,COMUNIDAD VALENCIANA,VF1RFK00073824864,2.9,9.19,17.3,2831,264.7268099999999,L3e,FALSO PROPIEDAD,IGUAL,IGUAL,2.9,9.19,4.84,2831,617.4694099999999,,,IGUAL,DISTINTO,IGUAL,
63.0,CAE500100,5244MGJ,M1,DIESEL,DIESEL,M1,X,,X,,x,x,,AYVENS,3,ALQUILER,DEVUELTO,2023-10-03,2023-11-29,2023-11-29,57,2023,7,DIESEL,OPEL,CORSA 1.5 D 100 CV,1505,CGAC,355589,11,1256MJM,PEUGEOT,E-EXPERT PRO 100 KW,ELECTRICO,725441,2023,2023-07-26,0,1505,4500370371,CGAC,,X,CATALUÑA,VF3V1ZKXZPZ010849,5.1,10,28.2,13073,2980.6440000000002,M1,CORRECTO ALQUILER,IGUAL,IGUAL,6.99,10,17.92,13073,6795.3454,,,IGUAL,DISTINTO,IGUAL,
64.0,CAE500101,6742MGH,M1,DIESEL,DIESEL,M1,X,,X,,x,x,,AYVENS,3,ALQUILER,DEVUELTO,2023-10-05,2023-11-29,2023-11-29,55,2023,7,DIESEL,OPEL,CORSA 1.5 D 100 CV,1505,CGAC,355589,12,1261MJM,PEUGEOT,E-EXPERT PRO 100 KW,ELECTRICO,725455,2023,2023-07-26,0,1505,4500370221,CGAC,,X,CATALUÑA,VF3V1ZKXZPZ005194,5.1,10,28.2,13073,2980.6440000000002,M1,CORRECTO ALQUILER,IGUAL,IGUAL,6.99,10,17.92,13073,6795.3454,,,IGUAL,DISTINTO,IGUAL,
65.0,CAE500103,5188MGJ,M1,DIESEL,DIESEL,M1,X,,X,,x,x,,AYVENS,3,ALQUILER,DEVUELTO,2023-10-04,2023-11-20,2023-11-20,47,2023,7,DIESEL,OPEL,CORSA 1.5 D 100 CV,1505,CGAC,355589,13,8654MCZ,RENAULT,KANGOO VAN E-TECH,ELECTRICO,725565,2023,2022-12-27,0,1505,4500348266,CGAC,,X,CATALUÑA,VF1RFK00670026502,5.1,10,17.3,13073,4405.601000000001,M1,CORRECTO ALQUILER,IGUAL,IGUAL,6.99,10,17.92,13073,6795.3454,,,IGUAL,DISTINTO,IGUAL,
66.0,CAE500104,5249MGJ,M1,DIESEL,DIESEL,M1,X,,,,x,x,,AYVENS,3,ALQUILER,DEVUELTO,2023-10-03,2024-03-31,2023-12-21,180,2024,7,DIESEL,OPEL,CORSA 1.5 D 100 CV,1505,CGAC,355589,14,8328MCZ,RENAULT,KANGOO VAN E-TECH,ELECTRICO,725586,2023,2022-12-27,-1,1505,4500348764,CGAC,,X,CATALUÑA,VF1RFK00169330329,5.1,10,17.3,13073,4405.601000000001,M1,FALSO ALQUILER,IGUAL,IGUAL,6.99,10,17.92,13073,6795.3454,,,IGUAL,DISTINTO,IGUAL,
67.0,CAE500105,1918LMY,M1,DIESEL,DIESEL,M1,X,X,X,,x,x,,AYVENS,3,ALQUILER,DEVUELTO,2024-02-01,2024-03-07,2024-03-07,35,2024,7,DIESEL,OPEL,CORSA 1.5 D100 CV,1505,CGAC,725496,15,2043MJP,RENAULT,KANGOO VAN E-TECH,ELECTRICO,725472,2023,2023-07-28,-1,1505,4500352342,CGAC,,X,CATALUÑA,VF1RFK00670693201,5.1,10,17.3,13073,4405.601000000001,M1,CORRECTO ALQUILER,IGUAL,IGUAL,6.99,10,17.92,13073,6795.3454,,,IGUAL,DISTINTO,IGUAL,
68.0,CAE500106,2258JPC,N1,DIESEL,DIESEL,N1,X,X,X,,X,X,,AYVENS,1,RENTING,DEVUELTO,42527,2024-01-25,2024-02-08,2789,2024,7,DIESEL,OPEL,COMBO 1.3 CDTI 90 CV,1505,CGAC,205335,16,2062MJP,RENAULT,KANGOO VAN E-TECH,ELECTRICO,725441,2023,2023-07-28,-1,1505,4500370369,CGAC,,X,CATALUÑA,VF1RFK00370927200,5.6,10,17.3,15815,6120.405,N1,CORRECTO ALQUILER,IGUAL,IGUAL,5.63,10,20.84,15815,5607.998999999999,,,IGUAL,DISTINTO,IGUAL,
69.0,CAE500107,0290JLY,N1,DIESEL,DIESEL,N1,X,X,X,,X,X,,AYVENS,1,RENTING,DEVUELTO,42445,2023-03-16,2023-10-24,2556,2023,7,DIESEL,OPEL,COMBO 1.3 CDTI 90 CV,1400,EGEVASA,208405,4,3191MXJ,RENAULT,KANGOO VAN E-TECH ELECTRIC,ELECTRICO,208356,2024,2024-12-23,1,1400,4500426875,EGEVASA,,X,COMUNIDAD VALENCIANA,VF1RFK00973824863,5.6,10,17.3,15815,6120.405,N1,CORRECTO ALQUILER,IGUAL,IGUAL,5.63,10,20.84,15815,5607.998999999999,,,IGUAL,DISTINTO,IGUAL,
70.0,CAE500108,9094KRJ,N1,DIESEL,DIESEL,N1,X,X,X,,x,x,,AYVENS,1,RENTING,DEVUELTO,43415,2024-03-05,2024-03-05,1941,2024,7,DIESEL,OPEL,COMBO 1.3 CDTI 95 CV,1505,CGAC,205324,17,8623MCZ,RENAULT,KANGOO VAN E-TECH,ELECTRICO,725565,2023,2022-12-27,-1,1505,4500348261,CGAC,,X,CATALUÑA,VF1RFK00870026503,5.6,10,17.3,15815,6120.405,N1,CORRECTO ALQUILER,IGUAL,IGUAL,5.63,10,20.84,15815,5607.998999999999,,,IGUAL,DISTINTO,IGUAL,
71.0,CAE500109,6586KPD,N1,DIESEL,DIESEL,N1,X,X,X,,x,x,,AYVENS,1,RENTING,DEVUELTO,43355,2023-09-12,2023-10-26,1826,2023,7,DIESEL,OPEL,COMBO 1.3 CDTI 95 CV,1505,CGAC,725468,18,8868KDN,RENAULT,ZOE 40,ELECTRICO,725586,2023,2017-10-11,0,1505,4500352582,CGAC,,X,CATALUÑA,VF1AGVYC058921527,5.6,10,13.3,15815,6753.005000000001,N1,CORRECTO ALQUILER,IGUAL,IGUAL,5.63,10,20.84,15815,5607.998999999999,,,IGUAL,DISTINTO,IGUAL,
72.0,CAE500110,7960KHZ,M1,DIESEL,DIESEL,M1,X,X,X,,X,X,,AYVENS,1,RENTING,DEVUELTO,43172,2023-03-13,2023-02-07,1826,2023,7,DIESEL,OPEL,CORSA 1.3 CDTI 75 CV 5P,1200,EMIVASA,12009060,6,0210MWZ,CITROEN,Ë-C3 ELÉCTRICO MAX,ELECTRICO,100011,2024,2024-12-11,1,1200,4500424902,EMIVASA,,X,COMUNIDAD VALENCIANA,VR7CBZYA5RT153037,5.1,10,16.4,13073,4523.258000000001,M1,CORRECTO ALQUILER,IGUAL,IGUAL,6.99,10,17.92,13073,6795.3454,,,IGUAL,DISTINTO,IGUAL,
73.0,CAE500111,8288KJX,M1,DIESEL,DIESEL,M1,X,X,X,,X,X,,AYVENS,1,RENTING,DEVUELTO,43213,2023-04-23,2023-02-07,1826,2023,7,DIESEL,OPEL,CORSA 1.3 CDTI 75 CV 5P,1066,CANALIZ. CIVILES S.A.,356018,6,6033MWV,CITROEN,Ë-C3 ELÉCTRICO MAX,ELECTRICO,10669100,2024,2024-11-29,1,1066,4500424801,CANALIZ. CIVILES S.A.,,X,COMUNIDAD VALENCIANA,VR7CBZYAXRT152210,5.1,10,16.4,13073,4523.258000000001,M1,CORRECTO ALQUILER,IGUAL,IGUAL,6.99,10,17.92,13073,6795.3454,,,IGUAL,DISTINTO,IGUAL,
74.0,CAE500112,0426KHR,M1,DIESEL,DIESEL,M1,X,,X,,x,x,,AYVENS,1,RENTING,DEVUELTO,43160,2023-03-01,2023-02-08,1826,2023,7,DIESEL,OPEL,CORSA 1.3 CDTI 75 CV 5P,1001,AVSA,10019060,16,2704MXG,RENAULT,KANGOO VAN E-TECH ELECTRIC,ELECTRICO,200599,2024,2024-12-19,1,1001,4500426846,AVSA,,X,COMUNIDAD VALENCIANA,VF1RFK00073934278,5.1,10,17.3,13073,4405.601000000001,M1,CORRECTO ALQUILER,IGUAL,IGUAL,6.99,10,17.92,13073,6795.3454,,,IGUAL,DISTINTO,IGUAL,
75.0,CAE500113,2825KMP,M1,DIESEL,DIESEL,M1,X,X,X,,X,X,,AYVENS,1,RENTING,DEVUELTO,43312,2024-02-01,2024-02-01,2011,2024,7,DIESEL,OPEL,CORSA 1.3 CDTI 75 CV 5P,1066,CANALIZ. CIVILES S.A.,356001,7,8637MWT,RENAULT,KANGOO VAN E-TECH ELECTRIC,ELECTRICO,356006,2024,2024-11-29,0,1066,4500426776,CANALIZ. CIVILES S.A.,,X,COMUNIDAD VALENCIANA,VF1RFK00973824815,5.1,10,17.3,13073,4405.601000000001,M1,CORRECTO ALQUILER,IGUAL,IGUAL,6.99,10,17.92,13073,6795.3454,,,IGUAL,DISTINTO,IGUAL,
76.0,CAE500114,2179KNN,M1,DIESEL,DIESEL,M1,X,X,,,X,X,,AYVENS,1,RENTING,DEVUELTO,43343,2023-03-31,2023-04-04,1673,2023,7,DIESEL,OPEL,CORSA 1.3 CDTI 75 CV 5P,1004,G.O.MEDIOAMBIENTE S.L.,350469,5,5566KSD,RENAULT,ZOE 40,ELECTRICO,724359,2023,2018-12-05,0,1004,4500389256,G.O.MEDIOAMBIENTE S.L.,,X,COMUNIDAD VALENCIANA,VF1AG000861226255,5.1,10,13.3,13073,4928.521,M1,FALSO ALQUILER,IGUAL,IGUAL,6.99,10,17.92,13073,6795.3454,,,IGUAL,DISTINTO,IGUAL,
77.0,CAE500115,8170LCK,N1,DIESEL,DIESEL,N1,X,,X,,X,X,,TLM,3,ALQUILER,DEVUELTO,2023-03-17,2024-01-16,2024-01-16,305,2024,7,DIESEL,PEUGEOT,EXPERT 1.5 HDI 102 CV,1066,CANALIZ. CIVILES S.A.,306050,8,8636MWT,RENAULT,KANGOO VAN E-TECH ELECTRIC,ELECTRICO,10669109,2024,2024-11-29,0,1066,4500426780,CANALIZ. CIVILES S.A.,,X,COMUNIDAD VALENCIANA,VF1RFK00073824816,5.6,10,17.3,15815,6120.405,N1,CORRECTO ALQUILER,IGUAL,IGUAL,5.63,10,20.84,15815,5607.998999999999,,,IGUAL,DISTINTO,IGUAL,
78.0,CAE500116,3310MDB,N1,DIESEL,DIESEL,N1,X,X,X,,X,X,,AYVENS,3,ALQUILER,DEVUELTO,2024-02-01,2024-06-25,2024-06-25,145,2024,7,DIESEL,RENAULT,EXPRESS 1.5 DCI 95 CV,1505,CGAC,725496,19,6445MWV,CITROEN,Ë-C3 ELÉCTRICO MAX,ELECTRICO,205567,2024,2024-11-29,0,1505,4500424838,CGAC,,X,CATALUÑA,VR7CBZYAXRT153017,5.6,10,16.4,15815,6262.740000000001,N1,CORRECTO ALQUILER,IGUAL,IGUAL,5.63,10,20.84,15815,5607.998999999999,,,IGUAL,DISTINTO,IGUAL,
79.0,CAE500117,1722MGL,N1,DIESEL,DIESEL,N1,X,X,X,,X,X,,AYVENS,3,ALQUILER,DEVUELTO,2024-02-01,2024-05-21,2024-05-21,110,2024,7,DIESEL,RENAULT,EXPRESS 1.5 DCI 95 CV,1505,CGAC,725496,20,5020MWL,NISSAN,TOWNSTAR,ELECTRICO,205337,2024,2024-11-20,0,1505,4500423385,CGAC,,X,CATALUÑA,VNVNFK00571491969,5.6,10,20,15815,5693.4,N1,CORRECTO ALQUILER,IGUAL,IGUAL,5.63,10,20.84,15815,5607.998999999999,,,IGUAL,DISTINTO,IGUAL,
80.0,CAE500119,8677MGK,N1,DIESEL,DIESEL,N1,X,X,X,,X,X,,AYVENS,3,ALQUILER,DEVUELTO,2024-02-01,2024-07-31,2024-07-31,181,2024,7,DIESEL,RENAULT,EXPRESS 1.5 DCI 95 CV,1505,CGAC,725400,21,6847MWL,NISSAN,TOWNSTAR,ELECTRICO,205337,2024,2024-11-20,0,1505,4500423384,CGAC,,X,CATALUÑA,VNVNFK00171491399,5.6,10,20,15815,5693.4,N1,CORRECTO ALQUILER,IGUAL,IGUAL,5.63,10,20.84,15815,5607.998999999999,,,IGUAL,DISTINTO,IGUAL,
81.0,CAE500120,2502LZC,N1,DIESEL,DIESEL,N1,X,,X,,X,X,,AYVENS,3,ALQUILER,DEVUELTO,2024-02-02,2024-03-21,2024-03-21,48,2024,7,DIESEL,RENAULT,EXPRESS 1.5 DCI 95 CV,1505,CGAC,205337,22,8539MDK,RENAULT,KANGOO VAN E-TECH,ELECTRICO,725465,2023,2023-01-19,-1,1505,4500351523,CGAC,,X,CATALUÑA,VF1RFK00170026505,5.6,10,17.3,15815,6120.405,N1,CORRECTO ALQUILER,IGUAL,IGUAL,5.63,10,20.84,15815,5607.998999999999,,,IGUAL,DISTINTO,IGUAL,
82.0,CAE500121,2842LYK,N1,DIESEL,DIESEL,N1,X,,X,,X,X,,AYVENS,3,ALQUILER,DEVUELTO,2024-02-02,2024-03-21,2024-03-21,48,2024,7,DIESEL,RENAULT,EXPRESS 1.5 DCI 95 CV,1505,CGAC,205337,23,8533MDK,RENAULT,KANGOO VAN E-TECH,ELECTRICO,725465,2023,2023-01-19,-1,1505,4500351522,CGAC,,X,CATALUÑA,VF1RFK00370026442,5.6,10,17.3,15815,6120.405,N1,CORRECTO ALQUILER,IGUAL,IGUAL,5.63,10,20.84,15815,5607.998999999999,,,IGUAL,DISTINTO,IGUAL,
83.0,CAE500122,3264MDB,N1,DIESEL,DIESEL,N1,X,X,X,,X,X,,AYVENS,3,ALQUILER,DEVUELTO,2024-02-01,2024-05-13,2024-05-13,102,2024,7,DIESEL,RENAULT,EXPRESS 1.5 DCI 95 CV,1505,CGAC,725496,24,4073MXK,RENAULT,KANGOO VAN E-TECH ELECTRIC,ELECTRICO,205584,2024,2024-12-26,0,1505,4500426777,CGAC,,X,CATALUÑA,VF1RFK00073824878,5.6,10,17.3,15815,6120.405,N1,CORRECTO ALQUILER,IGUAL,IGUAL,5.63,10,20.84,15815,5607.998999999999,,,IGUAL,DISTINTO,IGUAL,
84.0,CAE500123,9778KJG,M1,GLP,GLP,M1,X,,X,,x,x,,AYVENS,1,RENTING,DEVUELTO,43182,2023-03-23,2023-05-02,1826,2023,7,GLP,OPEL,CROSSLAND X 1.2 80 CV GLP,1200,EMIVASA,200020,7,0213MWZ,CITROEN,Ë-C3 ELÉCTRICO MAX,ELECTRICO,12009060,2024,2024-12-11,1,1200,4500424867,EMIVASA,,X,COMUNIDAD VALENCIANA,VR7CBZYA6RT153032,5.1,7.16,16.4,13073,2629.76468,M1,CORRECTO ALQUILER,IGUAL,IGUAL,6.45,7.16,17.92,13073,3694.6912599999996,,,IGUAL,DISTINTO,IGUAL,
85.0,CAE500125,0842KVR,M1,B/GLP,GLP,M1,X,X,X,,X,X,,AYVENS,1,RENTING,DEVUELTO,43560,2023-04-05,2023-02-08,1461,2023,7,GLP,OPEL,CROSSLAND X 1.2 80 CV GLP,1200,EMIVASA,12009082,8,0224MWZ,CITROEN,Ë-C3 ELÉCTRICO MAX,ELECTRICO,200020,2024,2024-12-11,1,1200,4500424886,EMIVASA,,X,COMUNIDAD VALENCIANA,VR7CBZYA2RT153027,5.1,7.16,16.4,13073,2629.76468,M1,CORRECTO ALQUILER,IGUAL,IGUAL,6.45,7.16,17.92,13073,3694.6912599999996,,,IGUAL,DISTINTO,IGUAL,
86.0,CAE500126,2316KZH,M1,DIESEL,DIESEL,M1,X,X,,,X,X,,AYVENS,1,RENTING,CANCELADO POR SINIESTRO,43685,2024-08-08,2024-12-13,1827,2024,6,DIESEL,OPEL,CROSSLAND X 1.5 CDTI 102 CV,1591,EMP.MUN.SERVEIS PUBLICS,201591,1,1428KDP,RENAULT,ZOE 40,ELECTRICO,201591,2023,2017-10-11,-1,1591,4500349877,EMP.MUN.SERVEIS PUBLICS,,,CATALUÑA,VF1AGVYC059144786,5.1,10,13.3,13073,4928.521,M1,FALSO ALQUILER,IGUAL,IGUAL,6.99,10,17.92,13073,6795.3454,,,IGUAL,DISTINTO,IGUAL,
87.0,CAE500127,6909MPH,N1,DIESEL,DIESEL,N1,X,X,X,,X,X,,AYVENS,3,ALQUILER,DEVUELTO,2024-06-04,2024-08-12,2024-08-12,69,2024,7,DIESEL,RENAULT,EXPRESS 1.5 DCI 95 CV,1505,CGAC,725498,25,8597MWT,RENAULT,KANGOO VAN E-TECH ELECTRIC,ELECTRICO,205571,2024,2024-11-29,0,1505,4500426784,CGAC,,X,CATALUÑA,VF1RFK00973824801,5.6,10,17.3,15815,6120.405,N1,CORRECTO ALQUILER,IGUAL,IGUAL,5.63,10,20.84,15815,5607.998999999999,,,IGUAL,DISTINTO,IGUAL,
88.0,CAE500128,6937MPH,N1,DIESEL,DIESEL,N1,X,X,X,,X,X,,AYVENS,3,ALQUILER,DEVUELTO,2024-06-04,2024-08-12,2024-08-12,69,2024,7,DIESEL,RENAULT,EXPRESS 1.5 DCI 95 CV,1505,CGAC,725498,26,8601MWT,RENAULT,KANGOO VAN E-TECH ELECTRIC,ELECTRICO,205335,2024,2024-11-29,0,1505,4500426757,CGAC,,X,CATALUÑA,VF1RFK00073824783,5.6,10,17.3,15815,6120.405,N1,CORRECTO ALQUILER,IGUAL,IGUAL,5.63,10,20.84,15815,5607.998999999999,,,IGUAL,DISTINTO,IGUAL,
89.0,CAE500129,7017MPH,N1,DIESEL,DIESEL,N1,X,X,X,,X,X,,AYVENS,3,ALQUILER,DEVUELTO,2024-06-04,2024-08-12,2024-08-12,69,2024,7,DIESEL,RENAULT,EXPRESS 1.5 DCI 95 CV,1505,CGAC,725498,27,8603MWT,RENAULT,KANGOO VAN E-TECH ELECTRIC,ELECTRICO,205335,2024,2024-11-29,0,1505,4500426788,CGAC,,X,CATALUÑA,VF1RFK00673824805,5.6,10,17.3,15815,6120.405,N1,CORRECTO ALQUILER,IGUAL,IGUAL,5.63,10,20.84,15815,5607.998999999999,,,IGUAL,DISTINTO,IGUAL,
90.0,CAE500130,6901MPH,N1,DIESEL,DIESEL,N1,X,X,X,,X,X,,AYVENS,3,ALQUILER,DEVUELTO,2024-06-04,2024-12-30,2024-12-30,209,2024,7,DIESEL,RENAULT,EXPRESS 1.5 DCI 95 CV,1505,CGAC,725498,28,8617MWT,RENAULT,KANGOO VAN E-TECH ELECTRIC,ELECTRICO,205327,2024,2024-11-29,0,1505,4500426773,CGAC,,X,CATALUÑA,VF1RFK00573824794,5.6,10,17.3,15815,6120.405,N1,CORRECTO ALQUILER,IGUAL,IGUAL,5.63,10,20.84,15815,5607.998999999999,,,IGUAL,DISTINTO,IGUAL,
91.0,CAE500131,8497MPH,N1,DIESEL,DIESEL,N1,X,,,,X,X,,AYVENS,3,ALQUILER,DEVUELTO,2024-08-01,2024-12-31,2025-03-24,152,2024,7,DIESEL,RENAULT,EXPRESS 1.5 DCI 95 CV,1505,CGAC,355470,29,8618MWT,RENAULT,KANGOO VAN E-TECH ELECTRIC,ELECTRICO,205567,2024,2024-11-29,0,1505,4500426845,CGAC,,X,CATALUÑA,VF1RFK00X73824807,5.6,10,17.3,15815,6120.405,N1,FALSO ALQUILER,IGUAL,IGUAL,5.63,10,20.84,15815,5607.998999999999,,,IGUAL,DISTINTO,IGUAL,
92.0,CAE500132,5875KPY,N1,DIESEL,DIESEL,N1,X,X,X,,x,x,,NORTHGATE,3,ALQUILER,DEVUELTO,2023-02-01,2023-06-30,2023-06-30,149,2023,7,DIESEL,FIAT,FIORINO 1.3 MULTIJET 80 CV,1505,CGAC,725485,30,2340MGR,OPEL,VIVARO E-FURGON,ELECTRICO,725465,2023,2023-05-05,0,1505,4500351860,CGAC,,X,CATALUÑA,VXEV1ZKXZPZ019575,5.6,10,28.1,15815,4412.384999999999,N1,CORRECTO ALQUILER,IGUAL,IGUAL,5.63,10,20.84,15815,5607.998999999999,,,IGUAL,DISTINTO,IGUAL,
93.0,CAE500133,0360KLY,N1,DIESEL,DIESEL,N1,X,X,X,,X,X,,AYVENS,3,ALQUILER,DEVUELTO,2023-12-22,2024-01-30,2024-01-30,39,2024,7,DIESEL,RENAULT,KANGOO,1021,MEDICION AVANZADA CONTAD.,357712,10,0693MWT,RENAULT,KANGOO VAN E-TECH ELECTRIC,ELECTRICO,357706,2024,2024-11-29,0,1021,4500426790,MEDICION AVANZADA CONTAD.,,X,COMUNIDAD VALENCIANA,VF1RFK00873824837,5.6,10,17.3,15815,6120.405,N1,CORRECTO ALQUILER,IGUAL,IGUAL,5.63,10,20.84,15815,5607.998999999999,,,IGUAL,DISTINTO,IGUAL,
94.0,CAE500134,0824MCY,M1,DIESEL,DIESEL,M1,X,X,,,X,X,,AYVENS,3,ALQUILER,DEVUELTO,2023-02-17,2023-05-11,2023-05-11,83,2023,7,DIESEL,SKODA,KAROQ 2.0 TDI 150 CV DSG,1505,CGAC,205051,31,0800MJM,PEUGEOT,E-PARTNER PRO 100 KW,ELECTRICO,725455,2023,2023-07-26,0,1505,4500370224,CGAC,,X,CATALUÑA,VR3EAZKXZPJ701039,5.1,10,22.7,13073,3699.6590000000006,M1,FALSO ALQUILER,IGUAL,IGUAL,6.99,10,17.92,13073,6795.3454,,,IGUAL,DISTINTO,IGUAL,
95.0,CAE500136,2653LTG,M1,DIESEL,DIESEL,M1,X,X,X,,x,x,,AYVENS,3,ALQUILER,DEVUELTO,2024-05-08,2024-06-07,2024-06-07,30,2024,7,DIESEL,SEAT,LEON 2.0 TDI,1004,G.O.MEDIOAMBIENTE S.L.,900074,6,6439MWV,CITROEN,Ë-C3 ELÉCTRICO MAX,ELECTRICO,200101,2024,2024-11-29,0,1004,4500424787,G.O.MEDIOAMBIENTE S.L.,,X,COMUNIDAD VALENCIANA,VR7CBZYA6RT152219,5.1,10,16.4,13073,4523.258000000001,M1,CORRECTO ALQUILER,IGUAL,IGUAL,6.99,10,17.92,13073,6795.3454,,,IGUAL,DISTINTO,IGUAL,
96.0,CAE500137,3452LZP,N1,DIESEL,DIESEL,N1,X,,X,,X,X,,TLM,3,ALQUILER,DEVUELTO,2022-10-27,2023-02-07,2023-02-07,103,2023,7,DIESEL,RENAULT,MASTER L2H2 2.3 DCI 135 CV,1066,CANALIZ. CIVILES S.A.,356016,9,0682MWF,NISSAN,TOWNSTAR,ELECTRICO,356001,2024,2024-11-12,1,1066,4500421017,CANALIZ. CIVILES S.A.,,X,COMUNIDAD VALENCIANA,VNVNFK00171491645,5.6,10,20,15815,5693.4,N1,CORRECTO ALQUILER,IGUAL,IGUAL,5.63,10,20.84,15815,5607.998999999999,,,IGUAL,DISTINTO,IGUAL,
97.0,CAE500138,6529LTJ,M1,DIESEL,DIESEL,M1,X,X,X,,x,x,,AYVENS,3,ALQUILER,DEVUELTO,2024-02-28,2024-04-24,2024-04-24,56,2024,7,DIESEL,RENAULT,MEGANE DCI 115 CV,1004,G.O.MEDIOAMBIENTE S.L.,10049946,7,3116MXJ,RENAULT,KANGOO VAN E-TECH ELECTRIC,ELECTRICO,724362,2024,2024-12-23,0,1004,4500426850,G.O.MEDIOAMBIENTE S.L.,,X,COMUNIDAD VALENCIANA,VF1RFK00673934284,5.1,10,17.3,13073,4405.601000000001,M1,CORRECTO ALQUILER,IGUAL,IGUAL,6.99,10,17.92,13073,6795.3454,,,IGUAL,DISTINTO,IGUAL,
98.0,CAE500139,0289LJZ,M1,DIESEL,DIESEL,M1,X,,X,,x,x,,AYVENS,3,ALQUILER,DEVUELTO,2024-05-10,2024-06-30,2024-07-05,51,2024,7,DIESEL,RENAULT,MEGANE DCI 115 CV,1064,AYWA SER.AMBIENTALES SL,DEFINIR,2,3103MXJ,RENAULT,KANGOO VAN E-TECH ELECTRIC,ELECTRICO,10649080,2024,2024-12-23,0,1064,X,AYWA SER.AMBIENTALES SL,,X,COMUNIDAD VALENCIANA,VF1RFK00373934288,5.1,10,17.3,13073,4405.601000000001,M1,CORRECTO ALQUILER,IGUAL,IGUAL,6.99,10,17.92,13073,6795.3454,,,IGUAL,DISTINTO,IGUAL,
99.0,CAE500141,9763LDB,M1,DIESEL,DIESEL,M1,X,,X,,X,X,,AYVENS,1,RENTING,DEVUELTO,43819,2023-12-20,2024-03-20,1461,2023,7,DIESEL,OPEL,GRANDLAND X 1.5 CDTI 130 CV,1001,AVSA,10019700,17,2732MWP,CITROEN,Ë-C3 ELÉCTRICO MAX,ELECTRICO,10019060,2024,2024-11-26,1,1001,4500424775,AVSA,,X,COMUNIDAD VALENCIANA,VR7CBZYA6RT152186,5.1,10,16.4,13073,4523.258000000001,M1,CORRECTO ALQUILER,IGUAL,IGUAL,6.99,10,17.92,13073,6795.3454,,,IGUAL,DISTINTO,IGUAL,
100.0,CAE500143,9504LDD,M1,DIESEL,DIESEL,M1,X,,X,,X,X,,AYVENS,1,RENTING,DEVUELTO,43819,2024-12-20,2025-05-21,1827,2024,7,DIESEL,OPEL,GRANDLAND X 1.5 CDTI 130 CV,1001,AVSA,10019931,18,6097MWV,CITROEN,Ë-C3 ELÉCTRICO MAX,ELECTRICO,200300,2024,2024-11-29,0,1001,4500424813,AVSA,,X,COMUNIDAD VALENCIANA,VR7CBZYA1RT152192,5.1,10,16.4,13073,4523.258000000001,M1,CORRECTO ALQUILER,IGUAL,IGUAL,6.99,10,17.92,13073,6795.3454,,,IGUAL,DISTINTO,IGUAL,
101.0,CAE500144,9106LCH,M1,DIESEL,DIESEL,M1,X,X,X,,X,X,,AYVENS,1,RENTING,DEVUELTO,43803,2023-12-27,2023-12-27,1484,2023,7,DIESEL,OPEL,GRANDLAND X 1.5 CDTI 130 CV,1505,CGAC,15059580,33,2076MJP,RENAULT,KANGOO VAN E-TECH,ELECTRICO,725441,2023,2023-07-28,0,1505,4500370370,CGAC,,X,CATALUÑA,VF1RFK00370927245,5.1,10,17.3,13073,4405.601000000001,M1,CORRECTO ALQUILER,IGUAL,IGUAL,6.99,10,17.92,13073,6795.3454,,,IGUAL,DISTINTO,IGUAL,
102.0,CAE500145,3447KFH,N1,DIESEL,DIESEL,N1,X,X,X,,x,x,,NORTHGATE,3,ALQUILER,DEVUELTO,2023-02-01,2023-09-19,2023-09-19,230,2023,7,DIESEL,NISSAN,NV 200 1.5 DCI 90 CV,1505,CGAC,725485,34,8697MCZ,RENAULT,KANGOO VAN E-TECH,ELECTRICO,725586,2023,2022-12-27,0,1505,4500348765,CGAC,,X,CATALUÑA,VF1RFK00869330327,5.6,10,17.3,15815,6120.405,N1,CORRECTO ALQUILER,IGUAL,IGUAL,5.63,10,20.84,15815,5607.998999999999,,,IGUAL,DISTINTO,IGUAL,
103.0,CAE500147,5682FHK,N1,DIESEL,DIESEL,N1,,,,X,X,X,X,PROPIEDAD,5,PROPIEDAD,CANCELADO,2013-12-30,2023-02-14,2023-02-14,3333,2023,4,DIESEL,NISSAN,INTERSTAR,1066,CANALIZ. CIVILES S.A.,356011,10,6005MWV,CITROEN,Ë-C3 ELÉCTRICO MAX,ELECTRICO,356001,2024,2024-11-29,1,1066,4500424804,CANALIZ. CIVILES S.A.,,X,COMUNIDAD VALENCIANA,VR7CBZYA1RT152211,5.6,10,16.4,15815,6262.740000000001,N1,CORRECTO PROPIEDAD,IGUAL,IGUAL,5.63,10,20.84,15815,5607.998999999999,,,IGUAL,DISTINTO,IGUAL,
104.0,CAE500148,1947LMM,N1,DIESEL,DIESEL,N1,X,X,X,,x,x,,NORTHGATE,3,ALQUILER,DEVUELTO,2023-04-01,2023-09-19,2023-09-19,171,2023,7,DIESEL,NISSAN,NV250 1.5 DCI L1H1 95 CV,1505,CGAC,725485,35,8867KDN,RENAULT,ZOE 40,ELECTRICO,725565,2023,2017-10-10,0,1505,4500350425,CGAC,,X,CATALUÑA,VF1AGVYC058921493,5.6,10,13.3,15815,6753.005000000001,N1,CORRECTO ALQUILER,IGUAL,IGUAL,5.63,10,20.84,15815,5607.998999999999,,,IGUAL,DISTINTO,IGUAL,
105.0,CAE500149,9977LLM,M1,DIESEL,DIESEL,M1,X,X,X,,X,X,,AYVENS,1,RENTING,DEVUELTO,44244,2025-02-17,2025-04-24,1461,2025,7,DIESEL,RENAULT,KANGOO 1.5 DCI 95 CV KOMBI,1004,G.O.MEDIOAMBIENTE S.L.,354093,8,6559MWV,CITROEN,Ë-C3 ELÉCTRICO MAX,ELECTRICO,724358,2024,2024-11-29,-1,1004,4500425488,G.O.MEDIOAMBIENTE S.L.,,X,COMUNIDAD VALENCIANA,VR7CBZYA2RT153044,5.6,10,16.4,15815,6262.740000000001,N1,CORRECTO ALQUILER,DISTINTO,IGUAL,6.99,10,17.92,13073,6795.3454,Pone M/G,,IGUAL,DISTINTO,DISTINTO,
106.0,CAE500150,3595KDF,N1,DIESEL,DIESEL,N1,X,X,X,,x,x,,NORTHGATE,3,ALQUILER,DEVUELTO,2023-02-01,2023-06-30,2023-07-04,149,2023,7,DIESEL,PEUGEOT,PARTNER 1.6 HDI 75 CV,1505,CGAC,725485,36,2343MGR,OPEL,VIVARO E-FURGON,ELECTRICO,725485,2023,2023-05-05,0,1505,4500352577,CGAC,,X,CATALUÑA,VXEV1ZKXZPZ019576,5.6,10,28.1,15815,4412.384999999999,N1,CORRECTO ALQUILER,IGUAL,IGUAL,5.63,10,20.84,15815,5607.998999999999,,,IGUAL,DISTINTO,IGUAL,
107.0,CAE500151,5919LKM,M1,DIESEL,DIESEL,M1,X,,X,,X,X,,AYVENS,1,RENTING,DEVUELTO,44140,2024-11-05,2025-06-04,1461,2024,7,DIESEL,SEAT,LEON 1.6 TDI 115 CV,1001,AVSA,200783,19,6055MWV,CITROEN,Ë-C3 ELÉCTRICO MAX,ELECTRICO,200590,2024,2024-11-29,0,1001,4500424803,AVSA,,X,COMUNIDAD VALENCIANA,VR7CBZYAXRT152188,5.1,10,16.4,13073,4523.258000000001,M1,CORRECTO ALQUILER,IGUAL,IGUAL,6.99,10,17.92,13073,6795.3454,,,IGUAL,DISTINTO,IGUAL,
108.0,CAE500152,7229LKV,M1,DIESEL,DIESEL,M1,X,X,X,,X,X,,AYVENS,1,RENTING,DEVUELTO,44151,2024-11-16,2025-06-23,1461,2024,7,DIESEL,SEAT,LEON 1.6 TDI 115 CV,1001,AVSA,200738,20,6084MWV,CITROEN,Ë-C3 ELÉCTRICO MAX,ELECTRICO,200542,2024,2024-11-29,0,1001,4500424818,AVSA,,X,COMUNIDAD VALENCIANA,VR7CBZYA5RT152194,5.1,10,16.4,13073,4523.258000000001,M1,CORRECTO ALQUILER,IGUAL,IGUAL,6.99,10,17.92,13073,6795.3454,,,IGUAL,DISTINTO,IGUAL,
109.0,CAE500153,5996LKM,M1,DIESEL,DIESEL,M1,X,,X,,X,X,,AYVENS,1,RENTING,DEVUELTO,44140,2024-11-05,2025-05-22,1461,2024,7,DIESEL,SEAT,LEON 1.6 TDI 115 CV,1066,CANALIZ. CIVILES S.A.,10669120,11,8647MWT,RENAULT,KANGOO VAN E-TECH ELECTRIC,ELECTRICO,10669105,2024,2024-11-29,0,1066,4500426761,CANALIZ. CIVILES S.A.,,X,COMUNIDAD VALENCIANA,VF1RFK00173824808,5.1,10,17.3,13073,4405.601000000001,M1,CORRECTO ALQUILER,IGUAL,IGUAL,6.99,10,17.92,13073,6795.3454,,,IGUAL,DISTINTO,IGUAL,
110.0,CAE500154,0019LLR,M1,DIESEL,DIESEL,M1,X,X,X,,X,X,,AYVENS,1,RENTING,DEVUELTO,44223,2025-01-27,2025-04-01,1461,2025,7,DIESEL,SEAT,LEON 1.6 TDI 115 CV,1505,CGAC,15059580,37,8619MWT,RENAULT,KANGOO VAN E-TECH ELECTRIC,ELECTRICO,205359,2024,2024-11-29,-1,1505,4500426770,CGAC,,X,CATALUÑA,VF1RFK00873824790,5.1,10,17.3,13073,4405.601000000001,M1,CORRECTO ALQUILER,IGUAL,IGUAL,6.99,10,17.92,13073,6795.3454,,,IGUAL,DISTINTO,IGUAL,
111.0,CAE500155,4535KFH,N1,DIESEL,DIESEL,N1,X,X,X,,x,x,,NORTHGATE,3,ALQUILER,DEVUELTO,2023-02-01,2023-09-19,2023-09-19,230,2023,7,DIESEL,PEUGEOT,PARTNER 1.6 HDI 75 CV,1505,CGAC,725485,38,8675MCZ,RENAULT,KANGOO VAN E-TECH,ELECTRICO,725586,2023,2022-12-27,0,1505,4500348763,CGAC,,X,CATALUÑA,VF1RFK00569907668,5.6,10,17.3,15815,6120.405,N1,CORRECTO ALQUILER,IGUAL,IGUAL,5.63,10,20.84,15815,5607.998999999999,,,IGUAL,DISTINTO,IGUAL,
112.0,CAE500156,9191HTG,L3e,GASOLINA,GASOLINA,L,X,,,X,,X,X,PROPIEDAD,5,PROPIEDAD,CANCELADO,2013-09-27,2024-09-26,2024-09-26,4017,2024,4,GASOLINA,PIAGGIO,LIBERTY 125 CC,1021,MEDICION AVANZADA CONTAD.,357108,11,4000MWL,NISSAN,TOWNSTAR,ELECTRICO,357108,2024,2024-11-20,0,1021,4500423383,MEDICION AVANZADA CONTAD.,,X,COMUNIDAD VALENCIANA,VNVNFK00071492253,2.9,9.19,20,2831,188.28980999999987,L3e,FALSO PROPIEDAD,IGUAL,IGUAL,2.9,9.19,4.84,2831,617.4694099999999,,,IGUAL,DISTINTO,IGUAL,
113.0,CAE500157,0297JBF,L3e,GASOLINA,GASOLINA,L,X,,,X,X,X,,PROPIEDAD,5,PROPIEDAD,CANCELADO,2014-11-17,2024-10-14,2024-10-14,3619,2024,4,GASOLINA,PIAGGIO,LIBERTY 125 CC,1021,MEDICION AVANZADA CONTAD.,357706,12,4004MWL,NISSAN,TOWNSTAR,ELECTRICO,357708,2024,2024-11-20,0,1021,4500423228,MEDICION AVANZADA CONTAD.,,X,COMUNIDAD VALENCIANA,VNVNFK00571491972,2.9,9.19,20,2831,188.28980999999987,L3e,CORRECTO PROPIEDAD,IGUAL,IGUAL,2.9,9.19,4.84,2831,617.4694099999999,,,IGUAL,DISTINTO,IGUAL,
114.0,CAE500159,9244JFB,L3e,GASOLINA,GASOLINA,L,,,,X,X,X,,PROPIEDAD,5,PROPIEDAD,CANCELADO,2015-04-28,2024-09-23,2024-09-23,3436,2024,4,GASOLINA,PIAGGIO,LIBERTY 125 CC,1021,MEDICION AVANZADA CONTAD.,357706,13,0700MWT,RENAULT,KANGOO VAN E-TECH ELECTRIC,ELECTRICO,357708,2024,2024-11-29,0,1021,4500426792,MEDICION AVANZADA CONTAD.,,X,COMUNIDAD VALENCIANA,VF1RFK00X73824841,2.9,9.19,17.3,2831,264.7268099999999,L3e,CORRECTO PROPIEDAD,IGUAL,IGUAL,2.9,9.19,4.84,2831,617.4694099999999,,,IGUAL,DISTINTO,IGUAL,
115.0,CAE500160,0305JBF,L3e,GASOLINA,GASOLINA,L,X,,,X,X,X,X,PROPIEDAD,5,PROPIEDAD,CANCELADO,2014-11-17,2024-09-26,2024-09-26,3601,2024,4,GASOLINA,PIAGGIO,LIBERTY 125 CC,1021,MEDICION AVANZADA CONTAD.,357706,14,0701MWT,RENAULT,KANGOO VAN E-TECH ELECTRIC,ELECTRICO,357706,2024,2024-11-29,0,1021,4500426840,MEDICION AVANZADA CONTAD.,,X,COMUNIDAD VALENCIANA,VF1RFK00573824844,2.9,9.19,17.3,2831,264.7268099999999,L3e,CORRECTO PROPIEDAD,IGUAL,IGUAL,2.9,9.19,4.84,2831,617.4694099999999,,,IGUAL,DISTINTO,IGUAL,
116.0,CAE500161,2042MSX,N1,DIESEL,DIESEL,N1,X,,,,X,X,,MALCO,3,ALQUILER,DEVUELTO,2024-09-06,2024-12-05,2024-12-05,90,2024,7,DIESEL,PEUGEOT,PARTNER 2024 STANDARD,1004,G.O.MEDIOAMBIENTE S.L.,200101,9,6444MWV,CITROEN,Ë-C3 ELÉCTRICO MAX,ELECTRICO,204427,2024,2024-11-29,0,1004,4500424800,G.O.MEDIOAMBIENTE S.L.,,X,COMUNIDAD VALENCIANA,VR7CBZYA4RT154440,5.6,10,16.4,15815,6262.740000000001,N1,FALSO ALQUILER,IGUAL,IGUAL,5.63,10,20.84,15815,5607.998999999999,,,IGUAL,DISTINTO,IGUAL,
117.0,CAE500162,2056MSX,N1,DIESEL,DIESEL,N1,X,,,,X,X,,MALCO,3,ALQUILER,DEVUELTO,2024-09-06,2024-12-05,1900-01-01,90,2024,7,DIESEL,PEUGEOT,PARTNER 2024 STANDARD,1004,G.O.MEDIOAMBIENTE S.L.,200101,10,6558MWV,CITROEN,Ë-C3 ELÉCTRICO MAX,ELECTRICO,724361,2024,2024-11-29,0,1004,4500424799,G.O.MEDIOAMBIENTE S.L.,,X,COMUNIDAD VALENCIANA,VR7CBZYA0RT153043,5.6,10,16.4,15815,6262.740000000001,N1,FALSO ALQUILER,IGUAL,IGUAL,5.63,10,20.84,15815,5607.998999999999,,,IGUAL,DISTINTO,IGUAL,
118.0,CAE500163,6994KGK,M1,GASOLINA,GASOLINA,M1,X,,X,,,,,AYVENS,3,ALQUILER,DEVUELTO,2021-09-13,2023-12-01,2023-12-01,809,2023,7,GASOLINA,PEUGEOT,208 1.2 82 CV,1004,G.O.MEDIOAMBIENTE S.L.,350468,11,1165MSX,NISSAN,TOWNSTAR,ELECTRICO,724557,2024,2024-07-10,1,1004,4500407445,G.O.MEDIOAMBIENTE S.L.,,X,COMUNIDAD VALENCIANA,VNVNFK00671230883,5.1,9.19,20,13073,3512.584369999999,M1,FALSO ALQUILER,IGUAL,IGUAL,7.89,9.19,17.92,13073,7136.433042999999,,,IGUAL,DISTINTO,IGUAL,
119.0,CAE500164,2138CTS,N3,DIESEL,DIESEL,N3,,,,,,,,CEDIDO,6,"CEDIDO (por ayto, planta.",CANCELADO,45444,2024-06-01,2024-06-01,0,2024,4,DIESEL,IVECO,ML 180,1505,CGAC,725498,39,6398MWV,CITROEN,Ë-C3 ELÉCTRICO MAX,ELECTRICO,355577,2024,2024-11-29,0,1505,4500424827,CGAC,,X,CATALUÑA,VR7CBZYA9RT152196,5.6,10,16.4,15815,6262.740000000001,N1,FALSO ALQUILER,DISTINTO,IGUAL,35,10,118.53,53508,123854.9676,,,IGUAL,DISTINTO,DISTINTO,
120.0,CAE500165,0351JWC,N1,DIESEL,DIESEL,N1,X,X,X,,x,X,,AYVENS,1,RENTING,DEVUELTO,42747,2023-08-31,2023-08-31,2422,2023,7,DIESEL,OPEL,MOVANO 2.3 CDTI 130 CV,1400,EGEVASA,14009609,9,3157MXJ,RENAULT,KANGOO VAN E-TECH ELECTRIC,ELECTRICO,368540,2024,2024-12-23,1,1400,4500427622,EGEVASA,,X,COMUNIDAD VALENCIANA,VF1RFK00373824857,5.6,10,17.3,15815,6120.405,N1,CORRECTO ALQUILER,IGUAL,IGUAL,5.63,10,20.84,15815,5607.998999999999,,,IGUAL,DISTINTO,IGUAL,
121.0,CAE500167,4450LLV,M1,DIESEL,DIESEL,M1,,X,X,,,,,VWRENTING,1,RENTING,DEVUELTO,44203,2025-01-07,2025-01-23,1461,2025,7,DIESEL,VOLKSWAGEN,MULTIVAN 2.0 TDI 198 CV,1001,AVSA,10019931,21,6271MXF,RENAULT,KANGOO VAN E-TECH ELECTRIC,ELECTRICO,200599,2024,2024-12-19,-1,1001,4500426868,AVSA,,X,COMUNIDAD VALENCIANA,VF1RFK00173934256,5.6,10,17.3,15815,6120.405,N1,FALSO ALQUILER,DISTINTO,IGUAL,6.99,10,17.92,13073,6795.3454,,,IGUAL,DISTINTO,DISTINTO,
122.0,CAE500168,2675KGJ,M1,GASOLINA,GASOLINA,M1,X,,X,,,,,AYVENS,3,ALQUILER,DEVUELTO,2021-07-15,2023-10-31,2023-10-31,838,2023,7,GASOLINA,PEUGEOT,208 1.2 82 CV,1004,G.O.MEDIOAMBIENTE S.L.,350468,12,9605MMH,RENAULT,KANGOO VAN E-TECH,ELECTRICO,724378,2023,2023-12-22,0,1004,4500389150,G.O.MEDIOAMBIENTE S.L.,,X,COMUNIDAD VALENCIANA,VF1RFK00770927247,5.1,9.19,17.3,13073,3865.5553699999987,M1,FALSO ALQUILER,IGUAL,IGUAL,7.89,9.19,17.92,13073,7136.433042999999,,,IGUAL,DISTINTO,IGUAL,
123.0,CAE500169,2678KGJ,M1,GASOLINA,GASOLINA,M1,X,,X,,,,,AYVENS,3,ALQUILER,DEVUELTO,2021-08-03,2023-11-03,2023-11-03,822,2023,7,GASOLINA,PEUGEOT,208 1.2 82 CV,1004,G.O.MEDIOAMBIENTE S.L.,350468,13,1108KHK,RENAULT,ZOE 40,ELECTRICO,724557,2024,2024-07-08,1,1004,4500408050,G.O.MEDIOAMBIENTE S.L.,,X,COMUNIDAD VALENCIANA,VF1AGVYF059267966,5.1,9.19,13.3,13073,4388.475369999998,M1,FALSO ALQUILER,IGUAL,IGUAL,7.89,9.19,17.92,13073,7136.433042999999,,,IGUAL,DISTINTO,IGUAL,
124.0,CAE500170,4533JFF,M1,DIESEL,DIESEL,N1,X,,X,,,,,TLM,3,ALQUILER,DEVUELTO,2021-03-05,2023-02-09,2023-02-09,706,2023,7,DIESEL,PEUGEOT,BOXER 110 CV,1066,CANALIZ. CIVILES S.A.,10669101,12,5665MWP,CITROEN,Ë-C3 ELÉCTRICO MAX,ELECTRICO,10669100,2024,2024-11-26,1,1066,4500424795,CANALIZ. CIVILES S.A.,,X,COMUNIDAD VALENCIANA,VR7CBZYA3RT152209,5.6,10,16.4,15815,6262.740000000001,N1,FALSO ALQUILER,DISTINTO,IGUAL,5.63,10,20.84,15815,5607.998999999999,,,IGUAL,DISTINTO,IGUAL,
125.0,CAE500171,9305LMG,N1,DIESEL,DIESEL,N1,X,,X,,x,x,,AYVENS,1,RENTING,CANCELADO POR SINIESTRO,44263,2024-05-07,2024-05-07,1156,2024,6,DIESEL,PEUGEOT,PARTNER 1.5 HDI 98 CV,1053,ISG,355458,9,6126MWV,CITROEN,Ë-C3 ELÉCTRICO MAX,ELECTRICO,355528,2024,2024-11-29,0,1053,4500424816,ISG,,X,COMUNIDAD VALENCIANA,VR7CBZYAXRT154443,5.6,10,16.4,15815,6262.740000000001,N1,CORRECTO ALQUILER,IGUAL,IGUAL,5.63,10,20.84,15815,5607.998999999999,,,IGUAL,DISTINTO,IGUAL,
126.0,CAE500172,5937LLV,N1,DIESEL,DIESEL,N1,X,,X,,x,x,,AYVENS,1,RENTING,CANCELADO POR SINIESTRO,44270,2025-03-15,2024-10-18,1461,2025,6,DIESEL,PEUGEOT,PARTNER 1.5 HDI 98 CV,1001,AVSA,100599,22,6102MWV,CITROEN,Ë-C3 ELÉCTRICO MAX,ELECTRICO,200599,2024,2024-11-29,-1,1001,4500424815,AVSA,,X,COMUNIDAD VALENCIANA,VR7CBZYA3RT152193,5.6,10,16.4,15815,6262.740000000001,N1,CORRECTO ALQUILER,IGUAL,IGUAL,5.63,10,20.84,15815,5607.998999999999,,,IGUAL,DISTINTO,IGUAL,
127.0,CAE500173,7001LLV,N1,DIESEL,DIESEL,N1,X,,X,,x,x,,AYVENS,1,RENTING,DEVUELTO,44224,2025-01-28,2025-04-04,1461,2025,7,DIESEL,PEUGEOT,PARTNER 1.5 HDI 98 CV,1021,MEDICION AVANZADA CONTAD.,357708,15,9546MWW,CITROEN,Ë-C3 ELÉCTRICO MAX,ELECTRICO,357108,2024,2024-12-04,-1,1021,4500424817,MEDICION AVANZADA CONTAD.,,X,COMUNIDAD VALENCIANA,VR7CBZYA4RT152199,5.6,10,16.4,15815,6262.740000000001,N1,CORRECTO ALQUILER,IGUAL,IGUAL,5.63,10,20.84,15815,5607.998999999999,,,IGUAL,DISTINTO,IGUAL,
128.0,CAE500174,5949LLV,N1,DIESEL,DIESEL,N1,X,,X,,x,x,,AYVENS,1,RENTING,DEVUELTO,44263,2025-03-31,2025-04-08,1484,2025,7,DIESEL,PEUGEOT,PARTNER 1.5 HDI 98 CV,1505,CGAC,205351,40,8994MSH,NISSAN,TOWNSTAR,ELECTRICO,725498,2024,2024-06-20,-1,1505,4500406593,CGAC,,X,CATALUÑA,VNVNFK00770531118,5.6,10,20,15815,5693.4,N1,CORRECTO ALQUILER,IGUAL,IGUAL,5.63,10,20.84,15815,5607.998999999999,,,IGUAL,DISTINTO,IGUAL,
129.0,CAE500175,4926LMS,N1,DIESEL,DIESEL,N1,X,,X,,x,x,,AYVENS,1,RENTING,CANCELADO POR SINIESTRO,44291,2025-04-05,2024-10-29,1461,2025,6,DIESEL,PEUGEOT,PARTNER 1.5 HDI 98 CV,1001,AVSA,200567,23,6334MXF,RENAULT,KANGOO VAN E-TECH ELECTRIC,ELECTRICO,200599,2024,2024-12-19,-1,1001,4500426867,AVSA,,X,COMUNIDAD VALENCIANA,VF1RFK00073934281,5.6,10,17.3,15815,6120.405,N1,CORRECTO ALQUILER,IGUAL,IGUAL,5.63,10,20.84,15815,5607.998999999999,,,IGUAL,DISTINTO,IGUAL,
130.0,CAE500176,5918LLV,N1,DIESEL,DIESEL,N1,X,,X,,x,x,,AYVENS,1,RENTING,CANCELADO POR SINIESTRO,44224,2025-01-28,2025-02-05,1461,2025,6,DIESEL,PEUGEOT,PARTNER 1.5 HDI 98 CV,1053,ISG,355528,10,8436MXG,RENAULT,KANGOO VAN E-TECH ELECTRIC,ELECTRICO,355458,2024,2024-12-20,-1,1053,4500426765,ISG,,X,COMUNIDAD VALENCIANA,VF1RFK00173934306,5.6,10,17.3,15815,6120.405,N1,CORRECTO ALQUILER,IGUAL,IGUAL,5.63,10,20.84,15815,5607.998999999999,,,IGUAL,DISTINTO,IGUAL,
131.0,CAE500179,3575LMF,N1,DIESEL,DIESEL,N1,X,,X,,x,x,,AYVENS,1,RENTING,CANCELADO POR SINIESTRO,44228,2025-02-01,2023-07-12,1461,2025,6,DIESEL,PEUGEOT,PARTNER 1.5 HDI 98 CV,1053,ISG,355528,11,8496MXG,RENAULT,KANGOO VAN E-TECH ELECTRIC,ELECTRICO,355529,2024,2024-12-20,-1,1053,4500428761,ISG,,X,COMUNIDAD VALENCIANA,VF1RFK00973934263,5.6,10,17.3,15815,6120.405,N1,CORRECTO ALQUILER,IGUAL,IGUAL,5.63,10,20.84,15815,5607.998999999999,,,IGUAL,DISTINTO,IGUAL,
132.0,CAE500180,5969LLV,N1,DIESEL,DIESEL,N1,X,,X,,x,x,,AYVENS,1,RENTING,CANCELADO POR SINIESTRO,44228,2025-02-01,2024-11-06,1461,2025,6,DIESEL,PEUGEOT,PARTNER 1.5 HDI 98 CV,1009,GAMASER,351379,1,7830MXF,RENAULT,KANGOO VAN E-TECH ELECTRIC,ELECTRICO,351379,2024,2024-12-19,-1,1009,4500426871,GAMASER,,X,COMUNIDAD VALENCIANA,VF1RFK00073934295,5.6,10,17.3,15815,6120.405,N1,CORRECTO ALQUILER,IGUAL,IGUAL,5.63,10,20.84,15815,5607.998999999999,,,IGUAL,DISTINTO,IGUAL,
133.0,CAE500187,6736LLV,N1,DIESEL,DIESEL,N1,X,X,X,,x,x,,AYVENS,1,RENTING,DEVUELTO,44228,2025-02-01,2025-04-25,1461,2025,7,DIESEL,PEUGEOT,PARTNER 1.5 HDI 98 CV,1064,AYWA SER.AMBIENTALES SL,10649080,3,3154MXJ,RENAULT,KANGOO VAN E-TECH ELECTRIC,ELECTRICO,10649080,2024,2024-12-23,-1,1064,X,AYWA SER.AMBIENTALES SL,,X,COMUNIDAD VALENCIANA,VF1RFK00673934303,5.6,10,17.3,15815,6120.405,N1,CORRECTO ALQUILER,IGUAL,IGUAL,5.63,10,20.84,15815,5607.998999999999,,,IGUAL,DISTINTO,IGUAL,
134.0,CAE500188,7015LLV,N1,DIESEL,DIESEL,N1,X,,X,,x,x,,AYVENS,1,RENTING,CANCELADO POR SINIESTRO,44228,2025-02-01,2024-10-29,1461,2025,6,DIESEL,PEUGEOT,PARTNER 1.5 HDI 98 CV,1064,AYWA SER.AMBIENTALES SL,10649080,4,3178MXJ,RENAULT,KANGOO VAN E-TECH ELECTRIC,ELECTRICO,DEFINIR,2024,2024-12-23,-1,1064,X,AYWA SER.AMBIENTALES SL,,X,COMUNIDAD VALENCIANA,VF1RFK00573934261,5.6,10,17.3,15815,6120.405,N1,CORRECTO ALQUILER,IGUAL,IGUAL,5.63,10,20.84,15815,5607.998999999999,,,IGUAL,DISTINTO,IGUAL,
135.0,CAE500189,6987LLV,N1,DIESEL,DIESEL,N1,X,,X,,X,X,,AYVENS,1,RENTING,CANCELADO POR SINIESTRO,44232,2025-02-05,2024-12-27,1461,2025,6,DIESEL,PEUGEOT,PARTNER 1.5 HDI 98 CV,1064,AYWA SER.AMBIENTALES SL,10649080,5,3186MXJ,RENAULT,KANGOO VAN E-TECH ELECTRIC,ELECTRICO,10649080,2024,2024-12-23,-1,1064,X,AYWA SER.AMBIENTALES SL,,X,COMUNIDAD VALENCIANA,VF1RFK00473934266,5.6,10,17.3,15815,6120.405,N1,CORRECTO ALQUILER,IGUAL,IGUAL,5.63,10,20.84,15815,5607.998999999999,,,IGUAL,DISTINTO,IGUAL,
136.0,CAE500190,6741LLV,N1,DIESEL,DIESEL,N1,X,,X,,x,x,,AYVENS,1,RENTING,DEVUELTO,44235,2025-02-08,2025-04-15,1461,2025,7,DIESEL,PEUGEOT,PARTNER 1.5 HDI 98 CV,1064,AYWA SER.AMBIENTALES SL,208351,6,3214MXJ,RENAULT,KANGOO VAN E-TECH ELECTRIC,ELECTRICO,10649080,2024,2024-12-23,-1,1064,X,AYWA SER.AMBIENTALES SL,,X,COMUNIDAD VALENCIANA,VF1RFK00873934299,5.6,10,17.3,15815,6120.405,N1,CORRECTO ALQUILER,IGUAL,IGUAL,5.63,10,20.84,15815,5607.998999999999,,,IGUAL,DISTINTO,IGUAL,
137.0,CAE500191,6794LLV,N1,DIESEL,DIESEL,N1,X,,X,,X,X,,AYVENS,1,RENTING,CANCELADO POR SINIESTRO,44250,2025-02-23,2024-11-19,1461,2025,6,DIESEL,PEUGEOT,PARTNER 1.5 HDI 98 CV,1319,UTE CHIVA(AV/EG),201319,1,5230MXL,RENAULT,KANGOO VAN E-TECH ELECTRIC,ELECTRICO,201319,2024,2024-12-27,-1,1319,4500426843,UTE CHIVA(AV/EG),,X,COMUNIDAD VALENCIANA,VF1RFK00773824876,5.6,10,17.3,15815,6120.405,N1,CORRECTO ALQUILER,IGUAL,IGUAL,5.63,10,20.84,15815,5607.998999999999,,,IGUAL,DISTINTO,IGUAL,
138.0,CAE500192,5932LLV,N1,DIESEL,DIESEL,N1,X,,X,,x,x,,AYVENS,1,RENTING,DEVUELTO,44228,2025-02-28,2025-03-27,1488,2025,7,DIESEL,PEUGEOT,PARTNER 1.5 HDI 98 CV,1505,CGAC,205222,41,8624MWT,RENAULT,KANGOO VAN E-TECH ELECTRIC,ELECTRICO,205567,2024,2024-11-29,-1,1505,4500426782,CGAC,,X,CATALUÑA,VF1RFK00273824798,5.6,10,17.3,15815,6120.405,N1,CORRECTO ALQUILER,IGUAL,IGUAL,5.63,10,20.84,15815,5607.998999999999,,,IGUAL,DISTINTO,IGUAL,
139.0,CAE500194,6756LLV,N1,DIESEL,DIESEL,N1,X,,X,,x,x,,AYVENS,1,RENTING,CANCELADO POR SINIESTRO,44270,2025-03-15,2024-06-28,1461,2025,6,DIESEL,PEUGEOT,PARTNER 1.5 HDI 98 CV,1505,CGAC,205584,42,8625MWT,RENAULT,KANGOO VAN E-TECH ELECTRIC,ELECTRICO,205567,2024,2024-11-29,-1,1505,4500426759,CGAC,,X,CATALUÑA,VF1RFK00X73824788,5.6,10,17.3,15815,6120.405,N1,CORRECTO ALQUILER,IGUAL,IGUAL,5.63,10,20.84,15815,5607.998999999999,,,IGUAL,DISTINTO,IGUAL,
140.0,CAE500196,7052LLV,N1,DIESEL,DIESEL,N1,X,,X,,x,x,,AYVENS,1,RENTING,DEVUELTO,44266,2025-03-31,2025-04-15,1481,2025,7,DIESEL,PEUGEOT,PARTNER 1.5 HDI 98 CV,1064,AYWA SER.AMBIENTALES SL,10049629,7,8711MXK,RENAULT,KANGOO VAN E-TECH ELECTRIC,ELECTRICO,10649080,2024,2024-12-26,-1,1064,X,AYWA SER.AMBIENTALES SL,,X,COMUNIDAD VALENCIANA,VF1RFK00673934270,5.6,10,17.3,15815,6120.405,N1,CORRECTO ALQUILER,IGUAL,IGUAL,5.63,10,20.84,15815,5607.998999999999,,,IGUAL,DISTINTO,IGUAL,
141.0,CAE500197,8983LFG,N1,GAS LICUADO PETROLEO,GLP,N1,X,X,X,,X,X,,TLM,3,ALQUILER,DEVUELTO,2020-08-26,2023-11-15,2023-11-15,1176,2023,7,DIESEL,NISSAN,CABSTAR GRUA,1066,CANALIZ. CIVILES S.A.,356001,14,8627MWT,RENAULT,KANGOO VAN E-TECH ELECTRIC,ELECTRICO,356018,2024,2024-11-29,1,1066,4500426785,CANALIZ. CIVILES S.A.,,X,COMUNIDAD VALENCIANA,VF1RFK00273824817,5.6,10,17.3,15815,6120.405,N1,CORRECTO ALQUILER,IGUAL,DISTINTO,,7.16,20.84,15815,,,,DISTINTO,DISTINTO,IGUAL,
142.0,CAE500198,6338KKX,N1,DIESEL,DIESEL,N1,X,X,X,,X,X,,TLM,3,ALQUILER,DEVUELTO,2021-05-24,2024-01-01,2024-01-08,952,2024,7,DIESEL,NISSAN,CABSTAR NT400,1066,CANALIZ. CIVILES S.A.,10669120,15,8634MWT,RENAULT,KANGOO VAN E-TECH ELECTRIC,ELECTRICO,356004,2024,2024-11-29,0,1066,4500426851,CANALIZ. CIVILES S.A.,,X,COMUNIDAD VALENCIANA,VF1RFK00873824823,5.6,10,17.3,15815,6120.405,N1,CORRECTO ALQUILER,IGUAL,IGUAL,5.63,10,20.84,15815,5607.998999999999,,,IGUAL,DISTINTO,IGUAL,
143.0,CAE500200,7431JTL,M1,GASOLINA,GASOLINA,M1,X,X,X,,,,,AYVENS,3,ALQUILER,DEVUELTO,2023-02-21,2024-02-23,2024-02-23,367,2024,7,DIESEL,OPEL,CORSA 1.4 90 CV,1004,G.O.MEDIOAMBIENTE S.L.,350468,14,1177MSX,NISSAN,TOWNSTAR,ELECTRICO,724557,2024,2024-07-10,0,1004,4500407448,G.O.MEDIOAMBIENTE S.L.,,X,COMUNIDAD VALENCIANA,VNVNFK00770690091,5.1,10,20,13073,4052.63,M1,FALSO ALQUILER,IGUAL,DISTINTO,7.89,9.19,17.92,13073,7136.433042999999,,,DISTINTO,DISTINTO,IGUAL,
144.0,CAE500201,1188JZF,N1,GASOIL (DIESEL),DIESEL,N1,X,X,X,,,,,AYVENS,3,ALQUILER,DEVUELTO,2017-09-06,2024-05-07,2024-05-07,2435,2024,7,DIESEL,TOYOTA,HYLUX 2.4 KOMBI,1505,CGAC,725400,43,1066MWL,CITROEN,Ë-BERLINGO 136 CV,ELECTRICO,725498,2024,2024-11-19,0,1505,4500406594,CGAC,,X,CATALUÑA,VR7EMZKUXRJ852424,5.1,10,22.7,13073,3699.6590000000006,M1,FALSO ALQUILER,DISTINTO,IGUAL,5.63,10,20.84,15815,5607.998999999999,,,IGUAL,DISTINTO,DISTINTO,
145.0,CAE500204,9052KZG,M1,GASOLINA - Híbridos (HEV),GASOLINA - Híbridos (HEV),M1,X,X,X,,X,X,,ARVAL SERV,1,RENTING,DEVUELTO,43679,2023-08-02,2023-05-15,1461,2023,7,HÍBRIDO,TOYOTA,RAV 4 2.5 LUXURY 4WD,1001,AVSA,10019931,24,2720MWP,CITROEN,Ë-C3 ELÉCTRICO MAX,ELECTRICO,201701,2024,2024-11-26,1,1001,4500424788,AVSA,,X,COMUNIDAD VALENCIANA,VR7CBZYA5RT152213,5.1,9.19,16.4,13073,3983.2123699999993,M1,CORRECTO ALQUILER,IGUAL,DISTINTO,5.135,9.19,17.92,13073,3826.5520745,,,IGUAL,DISTINTO,IGUAL,
146.0,CAE500208,2657KZK,M1,DIESEL,DIESEL,M1,X,X,X,,X,X,,ARVAL SERV,1,RENTING,DEVUELTO,43695,2023-10-18,2023-10-05,1522,2023,7,HÍBRIDO,TOYOTA,RAV 4 2.5 LUXURY 4WD,1001,AVSA,10019920,25,2722MXG,RENAULT,KANGOO VAN E-TECH ELECTRIC,ELECTRICO,200738,2024,2024-12-19,1,1001,4500426793,AVSA,,X,COMUNIDAD VALENCIANA,VF1RFK00573824892,5.1,9.19,17.3,13073,3865.5553699999987,M1,CORRECTO ALQUILER,IGUAL,DISTINTO,6.99,10,17.92,13073,6795.3454,Es DIESEL,,DISTINTO,DISTINTO,IGUAL,
147.0,CAE500210,7656KSV,N3,DIESEL,DIESEL,N3,X,,,X,X,X,,PROPIEDAD,5,PROPIEDAD,CANCELADO,2019-01-10,2023-07-17,2023-07-17,1649,2023,4,DIESEL,SCANIA,RSU,1006,ARAGONESA SER.PUBLICOS SL,733618,7,1954MXT,RENAULT,KANGOO VAN E-TECH ELECTRIC,ELECTRICO,200652,2025,2025-01-14,2,1006,4500426789,ARAGONESA SER.PUBLICOS SL,,X,ARAGON,VF1RFK00673824884,35,10,17.3,53508,178021.116,N3,CORRECTO PROPIEDAD,IGUAL,IGUAL,35,10,118.53,53508,123854.9676,,,IGUAL,DISTINTO,IGUAL,
148.0,CAE500211,7992FRV,N3,DIESEL,DIESEL,N3,X,,,X,X,X,,PROPIEDAD,5,PROPIEDAD,CANCELADO,2019-05-16,2023-07-17,2023-07-17,1523,2023,4,DIESEL,IVECO,RSU - CARTONERO,1006,ARAGONESA SER.PUBLICOS SL,733618,8,1970MXT,RENAULT,KANGOO VAN E-TECH ELECTRIC,ELECTRICO,200652,2025,2025-01-14,2,1006,4500426778,ARAGONESA SER.PUBLICOS SL,,X,ARAGON,VF1RFK00473824883,35,10,17.3,53508,178021.116,N3,CORRECTO PROPIEDAD,IGUAL,IGUAL,35,10,118.53,53508,123854.9676,,,IGUAL,DISTINTO,IGUAL,
149.0,CAE500221,T5455BB,N1,DIESEL,DIESEL,N1,,,,X,X,X,,PROPIEDAD,5,PROPIEDAD,CANCELADO,1999-01-01,2023-03-09,2023-03-13,8833,2023,4,DIESEL,FORD,TRANSIT 1.8 TDCI 80 CV,1505,CGAC,205335,44,0778MJM,PEUGEOT,E-PARTNER PRO 100 KW,ELECTRICO,725455,2023,2023-07-26,0,1505,4500370229,CGAC,,X,CATALUÑA,VR3EAZKXZPJ701041,5.6,10,22.7,15815,5266.3949999999995,N1,CORRECTO PROPIEDAD,IGUAL,IGUAL,5.63,10,20.84,15815,5607.998999999999,,,IGUAL,DISTINTO,IGUAL,
150.0,CAE500226,1751LHM,M1,DIESEL,DIESEL,M1,,,,,,,,VWRENTING,1,RENTING,DEVUELTO,44026,2023-08-31,2023-08-31,1143,2023,7,DIESEL,VOLKSWAGEN,T-ROC 1.6 TDI 115 CV,1009,GAMASER,10099039,2,7775MXF,RENAULT,KANGOO VAN E-TECH ELECTRIC,ELECTRICO,350108,2024,2024-12-19,1,1009,4500426769,GAMASER,,X,COMUNIDAD VALENCIANA,VF1RFK00773934312,5.1,10,17.3,13073,4405.601000000001,M1,FALSO ALQUILER,IGUAL,IGUAL,6.99,10,17.92,13073,6795.3454,,,IGUAL,DISTINTO,IGUAL,
151.0,CAE500230,7970LKX,M1,GASOLINA,GASOLINA,M1,X,X,X,,X,X,,ARVAL SERV,1,RENTING,DEVUELTO,44148,2024-11-13,2025-01-10,1461,2024,7,HÍBRIDO,VOLVO,V60 2.0 T6 AWD 340 CV,1200,EMIVASA,12009935,10,3111MWZ,CITROEN,Ë-C3 ELÉCTRICO MAX,ELECTRICO,100011,2024,2024-12-12,0,1200,4500424893,EMIVASA,,X,COMUNIDAD VALENCIANA,VR7CBZYA9RT154434,5.1,9.19,16.4,13073,3983.2123699999993,M1,CORRECTO ALQUILER,IGUAL,DISTINTO,7.89,9.19,17.92,13073,7136.433042999999,Es GASOLINA,,IGUAL,DISTINTO,IGUAL,
152.0,CAE500231,5239JVL,M1G,DIESEL,DIESEL,M1,X,X,,,X,X,,ARVAL SERV,1,RENTING,DEVUELTO,42725,2023-07-17,2023-05-31,2399,2023,7,DIESEL,VOLVO,XC 60 2.4 D4 AWD SUMMUM,1001,AVSA,10019920,34,2717MXG,RENAULT,KANGOO VAN E-TECH ELECTRIC,ELECTRICO,200714,2024,2024-12-19,1,1001,4500426795,AVSA,,X,COMUNIDAD VALENCIANA,VF1RFK00473824897,5.1,10,17.3,13073,4405.601000000001,M1,FALSO ALQUILER,DISTINTO,IGUAL,6.99,10,17.92,13073,6795.3454,,,IGUAL,DISTINTO,IGUAL,
153.0,CAE500235,0383LKK,M1,GASOLINA,GASOLINA,M1,X,X,X,,X,X,,ARVAL SERV,1,RENTING,DEVUELTO,44127,2024-10-23,2025-04-29,1461,2024,7,HÍBRIDO,VOLVO,XC40 1.5 T5 TRI 262 CV,1200,EMIVASA,12009006,11,3095MWZ,CITROEN,Ë-C3 ELÉCTRICO MAX,ELECTRICO,200020,2024,2024-12-12,0,1200,4500424883,EMIVASA,,X,COMUNIDAD VALENCIANA,VR7CBZYA9RT153025,5.1,9.19,16.4,13073,3983.2123699999993,M1,CORRECTO ALQUILER,IGUAL,DISTINTO,7.89,9.19,17.92,13073,7136.433042999999,Es GASOLINA,,IGUAL,DISTINTO,IGUAL,
154.0,CAE500236,4719KYS,M1,DIESEL,DIESEL,M1,X,X,X,,X,X,,ARVAL SERV,1,RENTING,DEVUELTO,43663,2023-07-17,2023-08-11,1461,2023,7,DIESEL,VOLVO,XC60,1505,CGAC,15059901,54,8877KDN,RENAULT,ZOE 40,ELECTRICO,725586,2023,2017-10-11,0,1505,4500349878,CGAC,,X,CATALUÑA,VF1AGVYC058921366,5.1,10,13.3,13073,4928.521,M1,CORRECTO ALQUILER,IGUAL,IGUAL,6.99,10,17.92,13073,6795.3454,,,IGUAL,DISTINTO,IGUAL,
155.0,CAE500253,7962LKX,M1G,GASOLINA,GASOLINA,M1,X,X,X,,x,x,,ARVAL SERV,1,RENTING,DEVUELTO,44148,2024-11-13,2024-12-20,1461,2024,7,HÍBRIDO,VOLVO,XC60 2.0 T6 AWD 340 CV,1001,AVSA,10019904,38,6083MWV,CITROEN,Ë-C3 ELÉCTRICO MAX,ELECTRICO,10019060,2024,2024-11-29,0,1001,4500424797,AVSA,,X,COMUNIDAD VALENCIANA,VR7CBZYA4RT152185,5.1,9.19,16.4,13073,3983.2123699999993,M1,CORRECTO ALQUILER,DISTINTO,DISTINTO,7.89,9.19,17.92,13073,7136.433042999999,Es M1G y GASOLINA-Híbrido Enchufable (PHEV),,IGUAL,DISTINTO,IGUAL,
,,,,,,,,,,,,,,,,,,,,,,,,,,,,,,,,,,,,,,,,,,,,,,,,,,1593433.3932700013,,,,,,,,,1489516.2144419993,,,,,,
,,,,MIRAR,,,,,,,,,,,,,,,,,,,,,,,,,,,,,,,,,,,,,,,,,,,,,,,,,,,,,,,,,,,,,
