NUEVAS MATRÍCULAS,CHASIS
8606MWT,VF1RFK00073824797
8651MWT,VF1RFK00073824833
0971MXH,VF1RFK00073824847
7151MXV,VF1RFK00073824864
4073MXK,VF1RFK00073824878
2705MXG,VF1RFK00073934264
2704MXG,VF1RFK00073934278
6334MXF,VF1RFK00073934281
7830MXF,VF1RFK00073934295
3147MXJ,VF1RFK00073934300
8647MWT,VF1RFK00173824808
8642MWT,VF1RFK00173824811
6271MXF,VF1RFK00173934256
4280MXL,VF1RFK00173934290
8616MWT,VF1RFK00273824803
8658MWT,VF1RFK00273824820
0696MWT,VF1RFK00273824834
4258MXL,VF1RFK00273934265
8392MXG,VF1RFK00273934282
2788MXG,VF1RFK00273934296
4255MXL,VF1RFK00273934301
8644MWT,VF1RFK00373824812
3157MXJ,VF1RFK00373824857
5244MXL,VF1RFK00373824874
3103MXJ,VF1RFK00373934288
8349MXG,VF1RFK00373934291
4257MXL,VF1RFK00373934307
4260MXL,VF1RFK00373934310
8640MWT,VF1RFK00473824818
0699MWT,VF1RFK00473824835
0773MXH,VF1RFK00473824852
1970MXT,VF1RFK00473824883
3186MXJ,VF1RFK00473934266
4266MXL,VF1RFK00473934283
4261MXL,VF1RFK00473934297
4282MXL,VF1RFK00473934302
0701MWT,VF1RFK00573824844
2737MXG,VF1RFK00573824889
2722MXG,VF1RFK00573824892
3178MXJ,VF1RFK00573934261
4265MXL,VF1RFK00573934289
4263MXL,VF1RFK00573934308
3256MXH,VF1RFK00573934311
8603MWT,VF1RFK00673824805
1954MXT,VF1RFK00673824884
8711MXK,VF1RFK00673934270
3116MXJ,VF1RFK00673934284
3154MXJ,VF1RFK00673934303
5230MXL,VF1RFK00773824876
4300MXL,VF1RFK00773934262
4268MXL,VF1RFK00773934293
8796MXK,VF1RFK00773934309
8619MWT,VF1RFK00873824790
8634MWT,VF1RFK00873824823
0693MWT,VF1RFK00873824837
0823MXH,VF1RFK00873824854
5360MXF,VF1RFK00873824885
3214MXJ,VF1RFK00873934299
8597MWT,VF1RFK00973824801
8637MWT,VF1RFK00973824815
8781MXK,VF1RFK00973824846
3191MXJ,VF1RFK00973824863
1976MXT,VF1RFK00973824880
8496MXG,VF1RFK00973934263
4267MXL,VF1RFK00973934280
8387MXG,VF1RFK00973934294
8618MWT,VF1RFK00X73824807
8626MWT,VF1RFK00X73824810
0686MWT,VF1RFK00X73824838
0700MWT,VF1RFK00X73824841
7725MXF,VF1RFK00X73934269
4284MXL,VF1RFK00X73934286
3246MXJ,VF1RFK00X73934305
8636MWT,VF1RFK00073824816
0650MXH,VF1RFK00073824850
0692MWT,VF1RFK00173824842
8436MXG,VF1RFK00173934306
8627MWT,VF1RFK00273824817
8249MXG,VF1RFK00273934279
6370MXF,VF1RFK00373824888
8628MWT,VF1RFK00473824821
2717MXG,VF1RFK00473824897
4082MXJ,VF1RFK00673934267
0695MWT,VF1RFK00773824845
7775MXF,VF1RFK00773934312
6952MXF,VF1RFK00873934304
2604MXV,VF1RFK00973824877
8601MWT,VF1RFK00073824783
8624MWT,VF1RFK00273824798
8617MWT,VF1RFK00573824794
8625MWT,VF1RFK00X73824788
6439MWV,VR7CBZYA6RT152219
6128MWV,VR7CBZYA8RT154442
2720MWP,VR7CBZYA5RT152213
0192MWZ,VR7CBZYA1RT153018
6007MWV,VR7CBZYA9RT152179
9928MWY,VR7CBZYA7RT152200
9930MWY,VR7CBZYA3RT153019
9929MWY,VR7CBZYAXRT153020
3155MWZ,VR7CBZYA1RT154430
0176MWZ,VR7CBZYA1RT153021
3148MWZ,VR7CBZYA3RT154431
3105MWZ,VR7CBZYA3RT153022
0189MWZ,VR7CBZYA5RT153023
8479MWP,VR7CBZYA2RT152203
9273MWZ,VR7CBZYA0RT152202
0182MWZ,VR7CBZYA7RT153024
8480MWP,VR7CBZYA4RT152204
3095MWZ,VR7CBZYA9RT153025
3173MWZ,VR7CBZYA0RT153026
3143MWZ,VR7CBZYA5RT154432
6492MWV,VR7CBZYA5RT154429
6029MWV,VR7CBZYA7RT152178
6046MWV,VR7CBZYA9RT152182
6042MWV,VR7CBZYA0RT152183
6209MWV,VR7CBZYA0RT152197
5665MWP,VR7CBZYA3RT152209
3489MWR,VR7CBZYA3RT152212
6028MWV,VR7CBZYA2RT152184
6083MWV,VR7CBZYA4RT152185
0224MWZ,VR7CBZYA2RT153027
0191MWZ,VR7CBZYA4RT153028
8487MWP,VR7CBZYA8RT152206
3122MWZ,VR7CBZYA7RT154433
8488MWP,VR7CBZYAXRT152207
8486MWP,VR7CBZYA1RT152208
0190MWZ,VR7CBZYA2RT153030
3111MWZ,VR7CBZYA9RT154434
6398MWV,VR7CBZYA9RT152196
3168MWZ,VR7CBZYA9RT152215
6082MWV,VR7CBZYA7RT153038
6442MWV,VR7CBZYA9RT153042
3160MWZ,VR7CBZYA0RT154435
0213MWZ,VR7CBZYA6RT153032
9931MWY,VR7CBZYA8RT153033
0649MWZ,VR7CBZYAXRT153034
3133MWZ,VR7CBZYA2RT154436
9926MWY,VR7CBZYA0RT152216
3121MWZ,VR7CBZYA1RT153035
2732MWP,VR7CBZYA6RT152186
6558MWV,VR7CBZYA0RT153043
6444MWV,VR7CBZYA4RT154440
6033MWV,VR7CBZYAXRT152210
6087MWV,VR7CBZYA7RT152214
6037MWV,VR7CBZYA9ST000165
6055MWV,VR7CBZYAXRT152188
6559MWV,VR7CBZYA2RT153044
6005MWV,VR7CBZYA1RT152211
6248MWV,VR7CBZYA8RT154439
6245MWV,VR7CBZYA5RT153040
8481MWP,VR7CBZYA2RT152217
9050MWN,VR7CBZYA1RT152189
0178MWZ,VR7CBZYA3RT153036
9275MWZ,VR7CBZYA4RT154437
9925MWY,VR7CBZYA4RT152218
6022MWV,VR7CBZYA1ST000158
6094MWV,VR7CBZYA4ST000168
6493MWV,VR7CBZYA2RT152198
3163MWZ,VR7CBZYA6RT154438
6019MWV,VR7CBZYA7ST000178
0210MWZ,VR7CBZYA5RT153037
0199MWZ,VR7CBZYA9RT153039
6109MWV,VR7CBZYA6RT153046
9049MWN,VR7CBZYA8RT152190
6445MWV,VR7CBZYAXRT153017
9927MWY,VR7CBZYA5RT152180
6089MWV,VR7CBZYA7RT152181
6015MWV,VR7CBZYAXRT152191
6097MWV,VR7CBZYA1RT152192
6125MWV,VR7CBZYA4RT153045
6102MWV,VR7CBZYA3RT152193
6126MWV,VR7CBZYAXRT154443
9546MWW,VR7CBZYA4RT152199
6084MWV,VR7CBZYA5RT152194
6124MWV,VR7CBZYA3RT154445
8632NDZ,VF1RCB00074370442
8869NDZ,VF1RCB00374368264
8634NDZ,VF1RCB00674370431
8636NDZ,VF1RCB00474370430
8638NDZ,VF1RCB00574370436
8947NDZ,VF1RCB00074370439
9194NDZ,VF1RCB00174368330
9200NDZ,VF1RCB00574368329
9099NDZ,VF1RCB00974370438
9100NDZ,VF1RCB00774370437
9108NDZ,VF1RCB00974368270
6554NFB,VF1RCB00174368280
9183NDZ,VF1RCB00074370425
9184NDZ,VF1RCB00074368271
8787NDZ,VF1RCB00774368333
9102NDZ,VF1RCB00674368310
9107NDZ,VF1RCB00974368267
8813MZR,WV1ZZZSK1SX075211
1109MZX,WV1ZZZSK0SX074700
8757NBF,WV1ZZZSK0SX075166
8912MZR,WV1ZZZSK2SX071121
8754MZR,WV1ZZZSK2SX071636
5311NBC,WV2ZZZSK0SX066981
2816MZS,WV1ZZZSK2SX071958
8762MZR,WV1ZZZSK3SX072178
6705NBN,WV2ZZZSK0SX067547
8759MZR,WV1ZZZSK4SX072920
8753MZR,WV1ZZZSK1SX072437
5312NBC ,WV2ZZZSK1SX066648
5411NBC ,WV2ZZZSK8SX066646
6722NBC ,WV2ZZZSK9SX067787
8749MZR,WV1ZZZSK4SX074473
8755MZR,WV1ZZZSK5SX073803
8818MZR,WV1ZZZSK5SX075406
5412NBC,WV2ZZZSK1SX067993
5414NBC ,WV2ZZZSK2SX066982
8910MZR,WV1ZZZSK4SX073937
8750MZR,WV1ZZZSK1SX075208
5413NBC ,WV2ZZZSK4SX066790
8748MZR,WV1ZZZSK7SX071955
8752MZR,WV1ZZZSK7SX074385
8909MZR,WV1ZZZSK8SX074475
5313NBC ,WV2ZZZSK4SX067700
8758MZR,WV1ZZZSK8SX073777
6723NBC ,WV2ZZZSK7SX068419
5410NBC ,WV2ZZZSKXSX067992
8751MZR,WV1ZZZSK8SX075240
8785MZR,WV1ZZZSK4SX073985
