MATRICULA;MARCA_MODELO;SOCIEDAD;COD_SOCIEDAD;CATEGORIA;FECHA_ADQUISICION;ORIGEN_FECHA;CONDUCTOR;REQ_1_SOCIEDAD;REQ_2_CATEGORIA;REQ_3_BAJA_DESDE;REQ_4_BAJA_HASTA;REQ_5_POSESION_MINIMA;ESTADO;MOTIVO_SIN_PAREJA;N_BAJAS_RECUPERABLES_CON_CONTRATOS;BAJAS_RECUPERABLES_CON_CONTRATOS;BAJAS_CERCANAS_FUERA_DE_VENTANA;QUE_HACER
0404MGW;OPEL VIVARO E-FURGON;CGAC;1505;Furgoneta/Furgón;2023-05-17;EXCEL;;CGAC (Cod.Sociedad 1505);Furgoneta/Furgón (codigo 5);2023-02-17;2023-11-17;"730 dias si se tuvo en arrendamiento (renting, alquiler, cesion); 365 dias si fue en propiedad";ELEGIBLE_SIN_PAREJA;Competencia: tenia 5 baja(s) admisible(s) pero otra alta de la misma sociedad las aprovecha mejor. Se necesitan mas bajas de Furgoneta/Furgón en CGAC;1;3447KFH (NISSAN NV 200 1.5 DCI 90 CV, 2023-09-19, acredita 230d de 730d, regimen ALQUILER_CORTA_DURACION);"1947KMM (NISSAN NV 200 1.5 DCI 90 CV, 2023-02-01, -16d respecto al inicio); 2258JPC (OPEL COMBO 1.3 CDTI 90 CV, 2024-02-08, +83d respecto al limite); 3595KDF (PEUGEOT PARTNER 1.6 HDI 75 CV, 2024-02-20, +95d respecto al limite); 9094KRJ (OPEL COMBO 1.3 CDTI 95 CV, 2024-03-03, +107d respecto al limite)";Aportar los contratos anteriores de las bajas recuperables: si acreditan el periodo minimo, la pareja sale sin buscar nada mas
0408MGW;OPEL VIVARO E-FURGON;CGAC;1505;Furgoneta/Furgón;2023-05-17;EXCEL;;CGAC (Cod.Sociedad 1505);Furgoneta/Furgón (codigo 5);2023-02-17;2023-11-17;"730 dias si se tuvo en arrendamiento (renting, alquiler, cesion); 365 dias si fue en propiedad";ELEGIBLE_SIN_PAREJA;Competencia: tenia 5 baja(s) admisible(s) pero otra alta de la misma sociedad las aprovecha mejor. Se necesitan mas bajas de Furgoneta/Furgón en CGAC;1;3447KFH (NISSAN NV 200 1.5 DCI 90 CV, 2023-09-19, acredita 230d de 730d, regimen ALQUILER_CORTA_DURACION);"1947KMM (NISSAN NV 200 1.5 DCI 90 CV, 2023-02-01, -16d respecto al inicio); 2258JPC (OPEL COMBO 1.3 CDTI 90 CV, 2024-02-08, +83d respecto al limite); 3595KDF (PEUGEOT PARTNER 1.6 HDI 75 CV, 2024-02-20, +95d respecto al limite); 9094KRJ (OPEL COMBO 1.3 CDTI 95 CV, 2024-03-03, +107d respecto al limite)";Aportar los contratos anteriores de las bajas recuperables: si acreditan el periodo minimo, la pareja sale sin buscar nada mas
0477MGW;OPEL VIVARO E-FURGON;CGAC;1505;Furgoneta/Furgón;2023-05-09;DOCUMENTO;;CGAC (Cod.Sociedad 1505);Furgoneta/Furgón (codigo 5);2023-02-09;2023-11-09;"730 dias si se tuvo en arrendamiento (renting, alquiler, cesion); 365 dias si fue en propiedad";ELEGIBLE_SIN_PAREJA;Competencia: tenia 5 baja(s) admisible(s) pero otra alta de la misma sociedad las aprovecha mejor. Se necesitan mas bajas de Furgoneta/Furgón en CGAC;1;3447KFH (NISSAN NV 200 1.5 DCI 90 CV, 2023-09-19, acredita 230d de 730d, regimen ALQUILER_CORTA_DURACION);"1947KMM (NISSAN NV 200 1.5 DCI 90 CV, 2023-02-01, -8d respecto al inicio); 2258JPC (OPEL COMBO 1.3 CDTI 90 CV, 2024-02-08, +91d respecto al limite); 3595KDF (PEUGEOT PARTNER 1.6 HDI 75 CV, 2024-02-20, +103d respecto al limite); 9094KRJ (OPEL COMBO 1.3 CDTI 95 CV, 2024-03-03, +115d respecto al limite)";Aportar los contratos anteriores de las bajas recuperables: si acreditan el periodo minimo, la pareja sale sin buscar nada mas
0777MJM;PEUGEOT E-PARTNER PRO 100 KW;CGAC;1505;Furgoneta/Furgón;2023-07-19;DOCUMENTO;;CGAC (Cod.Sociedad 1505);Furgoneta/Furgón (codigo 5);2023-04-19;2024-01-19;"730 dias si se tuvo en arrendamiento (renting, alquiler, cesion); 365 dias si fue en propiedad";ELEGIBLE_SIN_PAREJA;Competencia: tenia 3 baja(s) admisible(s) pero otra alta de la misma sociedad las aprovecha mejor. Se necesitan mas bajas de Furgoneta/Furgón en CGAC;1;3447KFH (NISSAN NV 200 1.5 DCI 90 CV, 2023-09-19, acredita 230d de 730d, regimen ALQUILER_CORTA_DURACION);"5949LLV (PEUGEOT PARTNER 1.5 HDI 98 CV, 2023-04-08, -11d respecto al inicio); T5455BB (FORD TRANSIT 1.8 TDCI 80 CV, 2023-03-09, -41d respecto al inicio); 1947KMM (NISSAN NV 200 1.5 DCI 90 CV, 2023-02-01, -77d respecto al inicio); 2258JPC (OPEL COMBO 1.3 CDTI 90 CV, 2024-02-08, +20d respecto al limite)";Aportar los contratos anteriores de las bajas recuperables: si acreditan el periodo minimo, la pareja sale sin buscar nada mas
0778MJM;PEUGEOT E-PARTNER PRO 100 KW;CGAC;1505;Furgoneta/Furgón;2023-07-19;DOCUMENTO;;CGAC (Cod.Sociedad 1505);Furgoneta/Furgón (codigo 5);2023-04-19;2024-01-19;"730 dias si se tuvo en arrendamiento (renting, alquiler, cesion); 365 dias si fue en propiedad";ELEGIBLE_SIN_PAREJA;Competencia: tenia 3 baja(s) admisible(s) pero otra alta de la misma sociedad las aprovecha mejor. Se necesitan mas bajas de Furgoneta/Furgón en CGAC;1;3447KFH (NISSAN NV 200 1.5 DCI 90 CV, 2023-09-19, acredita 230d de 730d, regimen ALQUILER_CORTA_DURACION);"5949LLV (PEUGEOT PARTNER 1.5 HDI 98 CV, 2023-04-08, -11d respecto al inicio); T5455BB (FORD TRANSIT 1.8 TDCI 80 CV, 2023-03-09, -41d respecto al inicio); 1947KMM (NISSAN NV 200 1.5 DCI 90 CV, 2023-02-01, -77d respecto al inicio); 2258JPC (OPEL COMBO 1.3 CDTI 90 CV, 2024-02-08, +20d respecto al limite)";Aportar los contratos anteriores de las bajas recuperables: si acreditan el periodo minimo, la pareja sale sin buscar nada mas
0800MJM;PEUGEOT E-PARTNER PRO 100 KW;CGAC;1505;Furgoneta/Furgón;2023-07-19;DOCUMENTO;;CGAC (Cod.Sociedad 1505);Furgoneta/Furgón (codigo 5);2023-04-19;2024-01-19;"730 dias si se tuvo en arrendamiento (renting, alquiler, cesion); 365 dias si fue en propiedad";ELEGIBLE_SIN_PAREJA;Competencia: tenia 3 baja(s) admisible(s) pero otra alta de la misma sociedad las aprovecha mejor. Se necesitan mas bajas de Furgoneta/Furgón en CGAC;1;3447KFH (NISSAN NV 200 1.5 DCI 90 CV, 2023-09-19, acredita 230d de 730d, regimen ALQUILER_CORTA_DURACION);"5949LLV (PEUGEOT PARTNER 1.5 HDI 98 CV, 2023-04-08, -11d respecto al inicio); T5455BB (FORD TRANSIT 1.8 TDCI 80 CV, 2023-03-09, -41d respecto al inicio); 1947KMM (NISSAN NV 200 1.5 DCI 90 CV, 2023-02-01, -77d respecto al inicio); 2258JPC (OPEL COMBO 1.3 CDTI 90 CV, 2024-02-08, +20d respecto al limite)";Aportar los contratos anteriores de las bajas recuperables: si acreditan el periodo minimo, la pareja sale sin buscar nada mas
1255MJM;PEUGEOT E-EXPERT PRO 100 KW;CGAC;1505;Furgoneta/Furgón;2023-07-21;DOCUMENTO;;CGAC (Cod.Sociedad 1505);Furgoneta/Furgón (codigo 5);2023-04-21;2024-01-21;"730 dias si se tuvo en arrendamiento (renting, alquiler, cesion); 365 dias si fue en propiedad";ELEGIBLE_SIN_PAREJA;Competencia: tenia 3 baja(s) admisible(s) pero otra alta de la misma sociedad las aprovecha mejor. Se necesitan mas bajas de Furgoneta/Furgón en CGAC;1;3447KFH (NISSAN NV 200 1.5 DCI 90 CV, 2023-09-19, acredita 230d de 730d, regimen ALQUILER_CORTA_DURACION);"5949LLV (PEUGEOT PARTNER 1.5 HDI 98 CV, 2023-04-08, -13d respecto al inicio); T5455BB (FORD TRANSIT 1.8 TDCI 80 CV, 2023-03-09, -43d respecto al inicio); 1947KMM (NISSAN NV 200 1.5 DCI 90 CV, 2023-02-01, -79d respecto al inicio); 2258JPC (OPEL COMBO 1.3 CDTI 90 CV, 2024-02-08, +18d respecto al limite)";Aportar los contratos anteriores de las bajas recuperables: si acreditan el periodo minimo, la pareja sale sin buscar nada mas
1256MJM;PEUGEOT E-EXPERT PRO 100 KW;CGAC;1505;Furgoneta/Furgón;2023-07-21;DOCUMENTO;;CGAC (Cod.Sociedad 1505);Furgoneta/Furgón (codigo 5);2023-04-21;2024-01-21;"730 dias si se tuvo en arrendamiento (renting, alquiler, cesion); 365 dias si fue en propiedad";ELEGIBLE_SIN_PAREJA;Competencia: tenia 3 baja(s) admisible(s) pero otra alta de la misma sociedad las aprovecha mejor. Se necesitan mas bajas de Furgoneta/Furgón en CGAC;1;3447KFH (NISSAN NV 200 1.5 DCI 90 CV, 2023-09-19, acredita 230d de 730d, regimen ALQUILER_CORTA_DURACION);"5949LLV (PEUGEOT PARTNER 1.5 HDI 98 CV, 2023-04-08, -13d respecto al inicio); T5455BB (FORD TRANSIT 1.8 TDCI 80 CV, 2023-03-09, -43d respecto al inicio); 1947KMM (NISSAN NV 200 1.5 DCI 90 CV, 2023-02-01, -79d respecto al inicio); 2258JPC (OPEL COMBO 1.3 CDTI 90 CV, 2024-02-08, +18d respecto al limite)";Aportar los contratos anteriores de las bajas recuperables: si acreditan el periodo minimo, la pareja sale sin buscar nada mas
1258MJM;PEUGEOT E-EXPERT PRO 100 KW;CGAC;1505;Furgoneta/Furgón;2023-07-21;DOCUMENTO;;CGAC (Cod.Sociedad 1505);Furgoneta/Furgón (codigo 5);2023-04-21;2024-01-21;"730 dias si se tuvo en arrendamiento (renting, alquiler, cesion); 365 dias si fue en propiedad";ELEGIBLE_SIN_PAREJA;Competencia: tenia 3 baja(s) admisible(s) pero otra alta de la misma sociedad las aprovecha mejor. Se necesitan mas bajas de Furgoneta/Furgón en CGAC;1;3447KFH (NISSAN NV 200 1.5 DCI 90 CV, 2023-09-19, acredita 230d de 730d, regimen ALQUILER_CORTA_DURACION);"5949LLV (PEUGEOT PARTNER 1.5 HDI 98 CV, 2023-04-08, -13d respecto al inicio); T5455BB (FORD TRANSIT 1.8 TDCI 80 CV, 2023-03-09, -43d respecto al inicio); 1947KMM (NISSAN NV 200 1.5 DCI 90 CV, 2023-02-01, -79d respecto al inicio); 2258JPC (OPEL COMBO 1.3 CDTI 90 CV, 2024-02-08, +18d respecto al limite)";Aportar los contratos anteriores de las bajas recuperables: si acreditan el periodo minimo, la pareja sale sin buscar nada mas
1261MJM;PEUGEOT E-EXPERT PRO 100 KW;CGAC;1505;Furgoneta/Furgón;2023-07-21;DOCUMENTO;;CGAC (Cod.Sociedad 1505);Furgoneta/Furgón (codigo 5);2023-04-21;2024-01-21;"730 dias si se tuvo en arrendamiento (renting, alquiler, cesion); 365 dias si fue en propiedad";ELEGIBLE_SIN_PAREJA;Competencia: tenia 3 baja(s) admisible(s) pero otra alta de la misma sociedad las aprovecha mejor. Se necesitan mas bajas de Furgoneta/Furgón en CGAC;1;3447KFH (NISSAN NV 200 1.5 DCI 90 CV, 2023-09-19, acredita 230d de 730d, regimen ALQUILER_CORTA_DURACION);"5949LLV (PEUGEOT PARTNER 1.5 HDI 98 CV, 2023-04-08, -13d respecto al inicio); T5455BB (FORD TRANSIT 1.8 TDCI 80 CV, 2023-03-09, -43d respecto al inicio); 1947KMM (NISSAN NV 200 1.5 DCI 90 CV, 2023-02-01, -79d respecto al inicio); 2258JPC (OPEL COMBO 1.3 CDTI 90 CV, 2024-02-08, +18d respecto al limite)";Aportar los contratos anteriores de las bajas recuperables: si acreditan el periodo minimo, la pareja sale sin buscar nada mas
1406KDP;RENAULT ZOE 40;MEDICION AVANZADA CONTAD.;1021;Turismo;2023-02-16;EXCEL;;MEDICION AVANZADA CONTAD. (Cod.Sociedad 1021);Turismo (codigo 4);2022-11-16;2023-08-16;"730 dias si se tuvo en arrendamiento (renting, alquiler, cesion); 365 dias si fue en propiedad";ELEGIBLE_SIN_PAREJA;R5: hay 2 bajas de su sociedad y categoria pero ninguna en la ventana 2022-11-16..2023-08-16. Mas cercanas: 0818LKK (2025-01-10, +694d), 8030LKY (2025-01-16, +700d);0;;"1865LDL (CITROEN C3, 2024-01-30, +167d respecto al limite); 9853KXP (PEUGEOT 208, 2024-01-31, +168d respecto al limite); 3483KWB (PEUGEOT 208, 2024-04-11, +239d respecto al limite); 0818LKK (SEAT ARONA 1.6 TDI 95 CV, 2025-01-10, +513d respecto al limite)";Revisar la fecha real de entrega de las bajas cercanas: si el contrato o el acta dan una fecha distinta a la del Excel, entran
1428KDP;RENAULT ZOE 40;EMP.MUN.SERVEIS PUBLICS;1591;Turismo;2023-01-01;EXCEL;;EMP.MUN.SERVEIS PUBLICS (Cod.Sociedad 1591);Turismo (codigo 4);2022-10-01;2023-07-01;"730 dias si se tuvo en arrendamiento (renting, alquiler, cesion); 365 dias si fue en propiedad";ALTA_NO_ELEGIBLE;"Adquisicion 2023-01-01 anterior al 2023-01-25 (fuera del ambito CAE); fecha tomada del Excel, confirmar con factura/matriculacion";0;;"9083LCH (OPEL GRANDLAND X 1.5 CDTI 130 CV, 2024-11-26, +514d respecto al limite); 2316KZH (OPEL CROSSLAND X 1.5 CDTI 102 CV, 2025-02-27, +607d respecto al limite)";La fecha 2023-01-01 sale del Excel, no de un documento. Confirmarla con la factura o el permiso: si es posterior al 2023-01-25 el vehiculo vuelve a entrar en el ambito y habra que buscarle baja
2043MJP;RENAULT KANGOO VAN E-TECH;CGAC;1505;Furgoneta/Furgón;2023-07-25;DOCUMENTO;DANIEL UROZ GONZALEZ;CGAC (Cod.Sociedad 1505);Furgoneta/Furgón (codigo 5);2023-04-25;2024-01-25;"730 dias si se tuvo en arrendamiento (renting, alquiler, cesion); 365 dias si fue en propiedad";ELEGIBLE_SIN_PAREJA;Competencia: tenia 3 baja(s) admisible(s) pero otra alta de la misma sociedad las aprovecha mejor. Se necesitan mas bajas de Furgoneta/Furgón en CGAC;1;3447KFH (NISSAN NV 200 1.5 DCI 90 CV, 2023-09-19, acredita 230d de 730d, regimen ALQUILER_CORTA_DURACION);"5949LLV (PEUGEOT PARTNER 1.5 HDI 98 CV, 2023-04-08, -17d respecto al inicio); T5455BB (FORD TRANSIT 1.8 TDCI 80 CV, 2023-03-09, -47d respecto al inicio); 1947KMM (NISSAN NV 200 1.5 DCI 90 CV, 2023-02-01, -83d respecto al inicio); 2258JPC (OPEL COMBO 1.3 CDTI 90 CV, 2024-02-08, +14d respecto al limite)";Aportar los contratos anteriores de las bajas recuperables: si acreditan el periodo minimo, la pareja sale sin buscar nada mas
2062MJP;RENAULT KANGOO VAN E-TECH;CGAC;1505;Furgoneta/Furgón;2023-07-25;DOCUMENTO;;CGAC (Cod.Sociedad 1505);Furgoneta/Furgón (codigo 5);2023-04-25;2024-01-25;"730 dias si se tuvo en arrendamiento (renting, alquiler, cesion); 365 dias si fue en propiedad";ELEGIBLE_SIN_PAREJA;Competencia: tenia 3 baja(s) admisible(s) pero otra alta de la misma sociedad las aprovecha mejor. Se necesitan mas bajas de Furgoneta/Furgón en CGAC;1;3447KFH (NISSAN NV 200 1.5 DCI 90 CV, 2023-09-19, acredita 230d de 730d, regimen ALQUILER_CORTA_DURACION);"5949LLV (PEUGEOT PARTNER 1.5 HDI 98 CV, 2023-04-08, -17d respecto al inicio); T5455BB (FORD TRANSIT 1.8 TDCI 80 CV, 2023-03-09, -47d respecto al inicio); 1947KMM (NISSAN NV 200 1.5 DCI 90 CV, 2023-02-01, -83d respecto al inicio); 2258JPC (OPEL COMBO 1.3 CDTI 90 CV, 2024-02-08, +14d respecto al limite)";Aportar los contratos anteriores de las bajas recuperables: si acreditan el periodo minimo, la pareja sale sin buscar nada mas
2087MJP;RENAULT KANGOO VAN E-TECH;CGAC;1505;Furgoneta/Furgón;2023-03-03;DOCUMENTO;ANTONIO RODRIGUEZ ZAMBRANO;CGAC (Cod.Sociedad 1505);Furgoneta/Furgón (codigo 5);2022-12-03;2023-09-03;"730 dias si se tuvo en arrendamiento (renting, alquiler, cesion); 365 dias si fue en propiedad";ELEGIBLE_SIN_PAREJA;Competencia: tenia 3 baja(s) admisible(s) pero otra alta de la misma sociedad las aprovecha mejor. Se necesitan mas bajas de Furgoneta/Furgón en CGAC;1;1947KMM (NISSAN NV 200 1.5 DCI 90 CV, 2023-02-01, acredita 0d de 730d, regimen ALQUILER_CORTA_DURACION);"3447KFH (NISSAN NV 200 1.5 DCI 90 CV, 2023-09-19, +16d respecto al limite); 4535KFH (PEUGEOT PARTNER 1.6 HDI 75 CV, 2023-09-19, +16d respecto al limite); 6586KPD (OPEL COMBO 1.3 CDTI 95 CV, 2023-10-26, +53d respecto al limite); 2258JPC (OPEL COMBO 1.3 CDTI 90 CV, 2024-02-08, +158d respecto al limite)";Aportar los contratos anteriores de las bajas recuperables: si acreditan el periodo minimo, la pareja sale sin buscar nada mas
2340MGR;OPEL VIVARO E-FURGON;CGAC;1505;Furgoneta/Furgón;2023-04-26;DOCUMENTO;JOSEP MARIA SOLANS BALDOMA;CGAC (Cod.Sociedad 1505);Furgoneta/Furgón (codigo 5);2023-01-26;2023-10-26;"730 dias si se tuvo en arrendamiento (renting, alquiler, cesion); 365 dias si fue en propiedad";ELEGIBLE_SIN_PAREJA;Competencia: tenia 5 baja(s) admisible(s) pero otra alta de la misma sociedad las aprovecha mejor. Se necesitan mas bajas de Furgoneta/Furgón en CGAC;2;"1947KMM (NISSAN NV 200 1.5 DCI 90 CV, 2023-02-01, acredita 0d de 730d, regimen ALQUILER_CORTA_DURACION); 3447KFH (NISSAN NV 200 1.5 DCI 90 CV, 2023-09-19, acredita 230d de 730d, regimen ALQUILER_CORTA_DURACION)";"2258JPC (OPEL COMBO 1.3 CDTI 90 CV, 2024-02-08, +105d respecto al limite); 3595KDF (PEUGEOT PARTNER 1.6 HDI 75 CV, 2024-02-20, +117d respecto al limite); 9094KRJ (OPEL COMBO 1.3 CDTI 95 CV, 2024-03-03, +129d respecto al limite); 2502LZC (RENAULT EXPRESS 1.5 DCI 95 CV, 2024-03-21, +147d respecto al limite)";Aportar los contratos anteriores de las bajas recuperables: si acreditan el periodo minimo, la pareja sale sin buscar nada mas
2343MGR;OPEL VIVARO E-FURGON;CGAC;1505;Furgoneta/Furgón;2023-04-27;DOCUMENTO;;CGAC (Cod.Sociedad 1505);Furgoneta/Furgón (codigo 5);2023-01-27;2023-10-27;"730 dias si se tuvo en arrendamiento (renting, alquiler, cesion); 365 dias si fue en propiedad";ELEGIBLE_SIN_PAREJA;Competencia: tenia 5 baja(s) admisible(s) pero otra alta de la misma sociedad las aprovecha mejor. Se necesitan mas bajas de Furgoneta/Furgón en CGAC;2;"1947KMM (NISSAN NV 200 1.5 DCI 90 CV, 2023-02-01, acredita 0d de 730d, regimen ALQUILER_CORTA_DURACION); 3447KFH (NISSAN NV 200 1.5 DCI 90 CV, 2023-09-19, acredita 230d de 730d, regimen ALQUILER_CORTA_DURACION)";"2258JPC (OPEL COMBO 1.3 CDTI 90 CV, 2024-02-08, +104d respecto al limite); 3595KDF (PEUGEOT PARTNER 1.6 HDI 75 CV, 2024-02-20, +116d respecto al limite); 9094KRJ (OPEL COMBO 1.3 CDTI 95 CV, 2024-03-03, +128d respecto al limite); 2502LZC (RENAULT EXPRESS 1.5 DCI 95 CV, 2024-03-21, +146d respecto al limite)";Aportar los contratos anteriores de las bajas recuperables: si acreditan el periodo minimo, la pareja sale sin buscar nada mas
3140MHW;RENAULT KANGOO VAN E-TECH;CGAC;1505;Furgoneta/Furgón;2023-06-28;EXCEL;;CGAC (Cod.Sociedad 1505);Furgoneta/Furgón (codigo 5);2023-03-28;2023-12-28;"730 dias si se tuvo en arrendamiento (renting, alquiler, cesion); 365 dias si fue en propiedad";ELEGIBLE_SIN_PAREJA;Competencia: tenia 4 baja(s) admisible(s) pero otra alta de la misma sociedad las aprovecha mejor. Se necesitan mas bajas de Furgoneta/Furgón en CGAC;1;3447KFH (NISSAN NV 200 1.5 DCI 90 CV, 2023-09-19, acredita 230d de 730d, regimen ALQUILER_CORTA_DURACION);"T5455BB (FORD TRANSIT 1.8 TDCI 80 CV, 2023-03-09, -19d respecto al inicio); 1947KMM (NISSAN NV 200 1.5 DCI 90 CV, 2023-02-01, -55d respecto al inicio); 2258JPC (OPEL COMBO 1.3 CDTI 90 CV, 2024-02-08, +42d respecto al limite); 3595KDF (PEUGEOT PARTNER 1.6 HDI 75 CV, 2024-02-20, +54d respecto al limite)";Aportar los contratos anteriores de las bajas recuperables: si acreditan el periodo minimo, la pareja sale sin buscar nada mas
3192MHW;RENAULT KANGOO VAN E-TECH;CGAC;1505;Furgoneta/Furgón;2023-06-28;EXCEL;;CGAC (Cod.Sociedad 1505);Furgoneta/Furgón (codigo 5);2023-03-28;2023-12-28;"730 dias si se tuvo en arrendamiento (renting, alquiler, cesion); 365 dias si fue en propiedad";ELEGIBLE_SIN_PAREJA;Competencia: tenia 4 baja(s) admisible(s) pero otra alta de la misma sociedad las aprovecha mejor. Se necesitan mas bajas de Furgoneta/Furgón en CGAC;1;3447KFH (NISSAN NV 200 1.5 DCI 90 CV, 2023-09-19, acredita 230d de 730d, regimen ALQUILER_CORTA_DURACION);"T5455BB (FORD TRANSIT 1.8 TDCI 80 CV, 2023-03-09, -19d respecto al inicio); 1947KMM (NISSAN NV 200 1.5 DCI 90 CV, 2023-02-01, -55d respecto al inicio); 2258JPC (OPEL COMBO 1.3 CDTI 90 CV, 2024-02-08, +42d respecto al limite); 3595KDF (PEUGEOT PARTNER 1.6 HDI 75 CV, 2024-02-20, +54d respecto al limite)";Aportar los contratos anteriores de las bajas recuperables: si acreditan el periodo minimo, la pareja sale sin buscar nada mas
3201MHW;RENAULT KANGOO VAN E-TECH;CGAC;1505;Furgoneta/Furgón;2023-06-28;EXCEL;;CGAC (Cod.Sociedad 1505);Furgoneta/Furgón (codigo 5);2023-03-28;2023-12-28;"730 dias si se tuvo en arrendamiento (renting, alquiler, cesion); 365 dias si fue en propiedad";ELEGIBLE_SIN_PAREJA;Competencia: tenia 4 baja(s) admisible(s) pero otra alta de la misma sociedad las aprovecha mejor. Se necesitan mas bajas de Furgoneta/Furgón en CGAC;1;3447KFH (NISSAN NV 200 1.5 DCI 90 CV, 2023-09-19, acredita 230d de 730d, regimen ALQUILER_CORTA_DURACION);"T5455BB (FORD TRANSIT 1.8 TDCI 80 CV, 2023-03-09, -19d respecto al inicio); 1947KMM (NISSAN NV 200 1.5 DCI 90 CV, 2023-02-01, -55d respecto al inicio); 2258JPC (OPEL COMBO 1.3 CDTI 90 CV, 2024-02-08, +42d respecto al limite); 3595KDF (PEUGEOT PARTNER 1.6 HDI 75 CV, 2024-02-20, +54d respecto al limite)";Aportar los contratos anteriores de las bajas recuperables: si acreditan el periodo minimo, la pareja sale sin buscar nada mas
3219MHW;RENAULT KANGOO VAN E-TECH;CGAC;1505;Furgoneta/Furgón;2023-06-28;EXCEL;ORIOL SANCHO SUBIRATS;CGAC (Cod.Sociedad 1505);Furgoneta/Furgón (codigo 5);2023-03-28;2023-12-28;"730 dias si se tuvo en arrendamiento (renting, alquiler, cesion); 365 dias si fue en propiedad";ELEGIBLE_SIN_PAREJA;Competencia: tenia 4 baja(s) admisible(s) pero otra alta de la misma sociedad las aprovecha mejor. Se necesitan mas bajas de Furgoneta/Furgón en CGAC;1;3447KFH (NISSAN NV 200 1.5 DCI 90 CV, 2023-09-19, acredita 230d de 730d, regimen ALQUILER_CORTA_DURACION);"T5455BB (FORD TRANSIT 1.8 TDCI 80 CV, 2023-03-09, -19d respecto al inicio); 1947KMM (NISSAN NV 200 1.5 DCI 90 CV, 2023-02-01, -55d respecto al inicio); 2258JPC (OPEL COMBO 1.3 CDTI 90 CV, 2024-02-08, +42d respecto al limite); 3595KDF (PEUGEOT PARTNER 1.6 HDI 75 CV, 2024-02-20, +54d respecto al limite)";Aportar los contratos anteriores de las bajas recuperables: si acreditan el periodo minimo, la pareja sale sin buscar nada mas
4564MHF;RENAULT KANGOO VAN E-TECH;CGAC;1505;Furgoneta/Furgón;2023-05-31;EXCEL;ESTER PUBILL GASET;CGAC (Cod.Sociedad 1505);Furgoneta/Furgón (codigo 5);2023-02-28;2023-11-30;"730 dias si se tuvo en arrendamiento (renting, alquiler, cesion); 365 dias si fue en propiedad";ELEGIBLE_SIN_PAREJA;Competencia: tenia 5 baja(s) admisible(s) pero otra alta de la misma sociedad las aprovecha mejor. Se necesitan mas bajas de Furgoneta/Furgón en CGAC;1;3447KFH (NISSAN NV 200 1.5 DCI 90 CV, 2023-09-19, acredita 230d de 730d, regimen ALQUILER_CORTA_DURACION);"1947KMM (NISSAN NV 200 1.5 DCI 90 CV, 2023-02-01, -27d respecto al inicio); 2258JPC (OPEL COMBO 1.3 CDTI 90 CV, 2024-02-08, +70d respecto al limite); 3595KDF (PEUGEOT PARTNER 1.6 HDI 75 CV, 2024-02-20, +82d respecto al limite); 9094KRJ (OPEL COMBO 1.3 CDTI 95 CV, 2024-03-03, +94d respecto al limite)";Aportar los contratos anteriores de las bajas recuperables: si acreditan el periodo minimo, la pareja sale sin buscar nada mas
5357MDX;E-TUK FACTORY LIMO GT;VALORIA INVESTMENTS 2011;8010;Turismo;2023-02-15;EXCEL;;VALORIA INVESTMENTS 2011 (Cod.Sociedad 8010);Turismo (codigo 4);2022-11-15;2023-08-15;"730 dias si se tuvo en arrendamiento (renting, alquiler, cesion); 365 dias si fue en propiedad";ELEGIBLE_SIN_PAREJA;R1: la sociedad VALORIA INVESTMENTS 2011 no tiene ninguna baja elegible. Pedir listado de bajas de esa sociedad;0;;;Buscar una baja de Turismo de VALORIA INVESTMENTS 2011 entregada entre 2022-11-15 y 2023-08-15. No consta ninguna en el Excel
8867KDN;RENAULT ZOE 40;CGAC;1505;Turismo;2023-01-05;DOCUMENTO;ADRIANA KARINA GARCIA;CGAC (Cod.Sociedad 1505);Turismo (codigo 4);2022-10-05;2023-07-05;"730 dias si se tuvo en arrendamiento (renting, alquiler, cesion); 365 dias si fue en propiedad";ALTA_NO_ELEGIBLE;Adquisicion 2023-01-05 anterior al 2023-01-25 (fuera del ambito CAE);1;7706KJH (RENAULT CLIO 1.5 DCI 75 CV, 2023-02-24, acredita 23d de 730d, regimen ALQUILER_CORTA_DURACION);"4719KYS (VOLVO XC60, 2023-08-11, +37d respecto al limite); 5188MGJ (OPEL CORSA 1.5 D 100 CV, 2023-11-20, +138d respecto al limite); 0041LWY (PEUGEOT 208 100 CV, 2023-11-29, +147d respecto al limite); 5244MGJ (OPEL CORSA 1.5 D 100 CV, 2023-11-29, +147d respecto al limite)";Adquirido antes del 2023-01-25: fuera del ambito de la campana. Ninguna baja lo arregla
8868KDN;RENAULT ZOE 40;CGAC;1505;Turismo;2023-01-25;DOCUMENTO;;CGAC (Cod.Sociedad 1505);Turismo (codigo 4);2022-10-25;2023-07-25;"730 dias si se tuvo en arrendamiento (renting, alquiler, cesion); 365 dias si fue en propiedad";ALTA_NO_ELEGIBLE;Adquisicion 2023-01-25 anterior al 2023-01-25 (fuera del ambito CAE);1;7706KJH (RENAULT CLIO 1.5 DCI 75 CV, 2023-02-24, acredita 23d de 730d, regimen ALQUILER_CORTA_DURACION);"4719KYS (VOLVO XC60, 2023-08-11, +17d respecto al limite); 5188MGJ (OPEL CORSA 1.5 D 100 CV, 2023-11-20, +118d respecto al limite); 0041LWY (PEUGEOT 208 100 CV, 2023-11-29, +127d respecto al limite); 5244MGJ (OPEL CORSA 1.5 D 100 CV, 2023-11-29, +127d respecto al limite)";Adquirido antes del 2023-01-25: fuera del ambito de la campana. Ninguna baja lo arregla
8877KDN;RENAULT ZOE 40;CGAC;1505;Turismo;2023-01-05;DOCUMENTO;ENRIC GIRONELLA FERNANDEZ;CGAC (Cod.Sociedad 1505);Turismo (codigo 4);2022-10-05;2023-07-05;"730 dias si se tuvo en arrendamiento (renting, alquiler, cesion); 365 dias si fue en propiedad";ALTA_NO_ELEGIBLE;Adquisicion 2023-01-05 anterior al 2023-01-25 (fuera del ambito CAE);1;7706KJH (RENAULT CLIO 1.5 DCI 75 CV, 2023-02-24, acredita 23d de 730d, regimen ALQUILER_CORTA_DURACION);"4719KYS (VOLVO XC60, 2023-08-11, +37d respecto al limite); 5188MGJ (OPEL CORSA 1.5 D 100 CV, 2023-11-20, +138d respecto al limite); 0041LWY (PEUGEOT 208 100 CV, 2023-11-29, +147d respecto al limite); 5244MGJ (OPEL CORSA 1.5 D 100 CV, 2023-11-29, +147d respecto al limite)";Adquirido antes del 2023-01-25: fuera del ambito de la campana. Ninguna baja lo arregla
9605MMH;RENAULT KANGOO VAN E-TECH;G.O.MEDIOAMBIENTE S.L.;1004;Furgoneta/Furgón;2023-12-22;EXCEL;LIDIA ENRECH ALEGRE;G.O.MEDIOAMBIENTE S.L. (Cod.Sociedad 1004);Furgoneta/Furgón (codigo 5);2023-09-22;2024-06-22;"730 dias si se tuvo en arrendamiento (renting, alquiler, cesion); 365 dias si fue en propiedad";ELEGIBLE_SIN_PAREJA;R5: hay 1 bajas de su sociedad y categoria pero ninguna en la ventana 2023-09-22..2024-06-22. Mas cercanas: 8767LLW (2025-02-11, +417d);0;;"2042MSX (PEUGEOT PARTNER 2024 STANDARD, 2024-12-05, +166d respecto al limite); 2056MSX (PEUGEOT PARTNER 2024 STANDARD, 2024-12-05, +166d respecto al limite); 8767LLW (PEUGEOT PARTNER 1.5 HDI 98 CV, 2025-02-11, +234d respecto al limite)";Revisar la fecha real de entrega de las bajas cercanas: si el contrato o el acta dan una fecha distinta a la del Excel, entran
P8325BDH;CORVUS UTV TERRAIN;VALORIA INVESTMENTS 2011;8010;Maquinaria Auxiliar;2023-07-31;EXCEL;;VALORIA INVESTMENTS 2011 (Cod.Sociedad 8010);Maquinaria Auxiliar (codigo 15);2023-04-30;2024-01-31;"730 dias si se tuvo en arrendamiento (renting, alquiler, cesion); 365 dias si fue en propiedad";ALTA_NO_ELEGIBLE;Matricula no valida ('P8325BDH'): no es un vehiculo;0;;;El vehiculo nuevo no cumple por si mismo: ninguna baja lo arregla. Resolver primero lo anterior
