ROL;MATRICULA;SOCIEDAD;CATEGORIA;REGIMEN;FECHA;MOTIVO_DESCARTE
ALTA;0176MWZ;EMIVASA;Turismo;-;2024-12-11;Competencia: tenia 7 baja(s) admisible(s) pero otra alta de la misma sociedad las aprovecha mejor. Se necesitan mas bajas de Turismo en EMIVASA
ALTA;0178MWZ;EMIVASA;Turismo;-;2024-12-11;Competencia: tenia 7 baja(s) admisible(s) pero otra alta de la misma sociedad las aprovecha mejor. Se necesitan mas bajas de Turismo en EMIVASA
ALTA;0182MWZ;EMIVASA;Turismo;-;2024-12-11;Competencia: tenia 7 baja(s) admisible(s) pero otra alta de la misma sociedad las aprovecha mejor. Se necesitan mas bajas de Turismo en EMIVASA
ALTA;0189MWZ;EMIVASA;Turismo;-;2024-12-11;Competencia: tenia 7 baja(s) admisible(s) pero otra alta de la misma sociedad las aprovecha mejor. Se necesitan mas bajas de Turismo en EMIVASA
ALTA;0190MWZ;EMIVASA;Turismo;-;2024-12-11;Competencia: tenia 7 baja(s) admisible(s) pero otra alta de la misma sociedad las aprovecha mejor. Se necesitan mas bajas de Turismo en EMIVASA
ALTA;0191MWZ;EMIVASA;Turismo;-;2024-12-11;Competencia: tenia 7 baja(s) admisible(s) pero otra alta de la misma sociedad las aprovecha mejor. Se necesitan mas bajas de Turismo en EMIVASA
ALTA;0192MWZ;EMIVASA;Turismo;-;2024-12-11;Competencia: tenia 7 baja(s) admisible(s) pero otra alta de la misma sociedad las aprovecha mejor. Se necesitan mas bajas de Turismo en EMIVASA
ALTA;0199MWZ;EMIVASA;Turismo;-;2024-12-11;Competencia: tenia 7 baja(s) admisible(s) pero otra alta de la misma sociedad las aprovecha mejor. Se necesitan mas bajas de Turismo en EMIVASA
ALTA;0210MWZ;EMIVASA;Turismo;-;2024-11-25;Competencia: tenia 6 baja(s) admisible(s) pero otra alta de la misma sociedad las aprovecha mejor. Se necesitan mas bajas de Turismo en EMIVASA
ALTA;0213MWZ;EMIVASA;Turismo;-;2024-11-25;Competencia: tenia 6 baja(s) admisible(s) pero otra alta de la misma sociedad las aprovecha mejor. Se necesitan mas bajas de Turismo en EMIVASA
ALTA;0224MWZ;EMIVASA;Turismo;-;2024-11-25;Competencia: tenia 6 baja(s) admisible(s) pero otra alta de la misma sociedad las aprovecha mejor. Se necesitan mas bajas de Turismo en EMIVASA
ALTA;0404MGW;CGAC;Furgoneta/Furgón;-;2023-05-17;Competencia: tenia 5 baja(s) admisible(s) pero otra alta de la misma sociedad las aprovecha mejor. Se necesitan mas bajas de Furgoneta/Furgón en CGAC
ALTA;0408MGW;CGAC;Furgoneta/Furgón;-;2023-05-17;Competencia: tenia 5 baja(s) admisible(s) pero otra alta de la misma sociedad las aprovecha mejor. Se necesitan mas bajas de Furgoneta/Furgón en CGAC
ALTA;0477MGW;CGAC;Furgoneta/Furgón;-;2023-05-09;Competencia: tenia 5 baja(s) admisible(s) pero otra alta de la misma sociedad las aprovecha mejor. Se necesitan mas bajas de Furgoneta/Furgón en CGAC
ALTA;0602KHK;ISG;Turismo;-;2024-06-21;Competencia: tenia 1 baja(s) admisible(s) pero otra alta de la misma sociedad las aprovecha mejor. Se necesitan mas bajas de Turismo en ISG
ALTA;0649MWZ;EMIVASA;Turismo;-;2024-11-25;Competencia: tenia 6 baja(s) admisible(s) pero otra alta de la misma sociedad las aprovecha mejor. Se necesitan mas bajas de Turismo en EMIVASA
ALTA;0650MXH;MEDICION AVANZADA CONTAD.;Furgoneta/Furgón;-;2024-12-20;Competencia: tenia 1 baja(s) admisible(s) pero otra alta de la misma sociedad las aprovecha mejor. Se necesitan mas bajas de Furgoneta/Furgón en MEDICION AVANZADA CONTAD.
ALTA;0677MWF;GAMASER;Furgoneta/Furgón;-;2024-11-12;Competencia: tenia 1 baja(s) admisible(s) pero otra alta de la misma sociedad las aprovecha mejor. Se necesitan mas bajas de Furgoneta/Furgón en GAMASER
ALTA;0679MWF;ISG;Furgoneta/Furgón;-;2024-11-12;Competencia: tenia 1 baja(s) admisible(s) pero otra alta de la misma sociedad las aprovecha mejor. Se necesitan mas bajas de Furgoneta/Furgón en ISG
ALTA;0682MWF;CANALIZ. CIVILES S.A.;Furgoneta/Furgón;-;2024-10-18;Competencia: tenia 1 baja(s) admisible(s) pero otra alta de la misma sociedad las aprovecha mejor. Se necesitan mas bajas de Furgoneta/Furgón en CANALIZ. CIVILES S.A.
ALTA;0686MWT;MEDICION AVANZADA CONTAD.;Furgoneta/Furgón;-;2024-11-29;Competencia: tenia 1 baja(s) admisible(s) pero otra alta de la misma sociedad las aprovecha mejor. Se necesitan mas bajas de Furgoneta/Furgón en MEDICION AVANZADA CONTAD.
ALTA;0692MWT;MEDICION AVANZADA CONTAD.;Furgoneta/Furgón;-;2024-11-28;Competencia: tenia 1 baja(s) admisible(s) pero otra alta de la misma sociedad las aprovecha mejor. Se necesitan mas bajas de Furgoneta/Furgón en MEDICION AVANZADA CONTAD.
ALTA;0693MWT;MEDICION AVANZADA CONTAD.;Furgoneta/Furgón;-;2024-11-28;Competencia: tenia 1 baja(s) admisible(s) pero otra alta de la misma sociedad las aprovecha mejor. Se necesitan mas bajas de Furgoneta/Furgón en MEDICION AVANZADA CONTAD.
ALTA;0695MWT;MEDICION AVANZADA CONTAD.;Furgoneta/Furgón;-;2024-11-28;Competencia: tenia 1 baja(s) admisible(s) pero otra alta de la misma sociedad las aprovecha mejor. Se necesitan mas bajas de Furgoneta/Furgón en MEDICION AVANZADA CONTAD.
ALTA;0696MWT;MEDICION AVANZADA CONTAD.;Furgoneta/Furgón;-;2024-11-28;Competencia: tenia 1 baja(s) admisible(s) pero otra alta de la misma sociedad las aprovecha mejor. Se necesitan mas bajas de Furgoneta/Furgón en MEDICION AVANZADA CONTAD.
ALTA;0699MWT;MEDICION AVANZADA CONTAD.;Furgoneta/Furgón;-;2024-11-28;Competencia: tenia 1 baja(s) admisible(s) pero otra alta de la misma sociedad las aprovecha mejor. Se necesitan mas bajas de Furgoneta/Furgón en MEDICION AVANZADA CONTAD.
ALTA;0700MWT;MEDICION AVANZADA CONTAD.;Furgoneta/Furgón;-;2024-11-28;Competencia: tenia 1 baja(s) admisible(s) pero otra alta de la misma sociedad las aprovecha mejor. Se necesitan mas bajas de Furgoneta/Furgón en MEDICION AVANZADA CONTAD.
ALTA;0701MWT;MEDICION AVANZADA CONTAD.;Furgoneta/Furgón;-;2024-11-28;Competencia: tenia 1 baja(s) admisible(s) pero otra alta de la misma sociedad las aprovecha mejor. Se necesitan mas bajas de Furgoneta/Furgón en MEDICION AVANZADA CONTAD.
ALTA;0773MXH;MEDICION AVANZADA CONTAD.;Furgoneta/Furgón;-;2024-12-19;Competencia: tenia 1 baja(s) admisible(s) pero otra alta de la misma sociedad las aprovecha mejor. Se necesitan mas bajas de Furgoneta/Furgón en MEDICION AVANZADA CONTAD.
ALTA;0777MJM;CGAC;Furgoneta/Furgón;-;2023-07-19;Competencia: tenia 3 baja(s) admisible(s) pero otra alta de la misma sociedad las aprovecha mejor. Se necesitan mas bajas de Furgoneta/Furgón en CGAC
ALTA;0778MJM;CGAC;Furgoneta/Furgón;-;2023-07-19;Competencia: tenia 3 baja(s) admisible(s) pero otra alta de la misma sociedad las aprovecha mejor. Se necesitan mas bajas de Furgoneta/Furgón en CGAC
ALTA;0800MJM;CGAC;Furgoneta/Furgón;-;2023-07-19;Competencia: tenia 3 baja(s) admisible(s) pero otra alta de la misma sociedad las aprovecha mejor. Se necesitan mas bajas de Furgoneta/Furgón en CGAC
ALTA;0823MXH;MEDICION AVANZADA CONTAD.;Furgoneta/Furgón;-;2024-12-19;Competencia: tenia 1 baja(s) admisible(s) pero otra alta de la misma sociedad las aprovecha mejor. Se necesitan mas bajas de Furgoneta/Furgón en MEDICION AVANZADA CONTAD.
ALTA;1165MSX;G.O.MEDIOAMBIENTE S.L.;Furgoneta/Furgón;-;2024-06-13;R5: hay 1 bajas de su sociedad y categoria pero ninguna en la ventana 2024-03-13..2024-12-13. Mas cercanas: 8767LLW (2025-02-11, +243d)
ALTA;1177MSX;G.O.MEDIOAMBIENTE S.L.;Furgoneta/Furgón;-;2024-06-13;R5: hay 1 bajas de su sociedad y categoria pero ninguna en la ventana 2024-03-13..2024-12-13. Mas cercanas: 8767LLW (2025-02-11, +243d)
ALTA;1178MSX;G.O.MEDIOAMBIENTE S.L.;Furgoneta/Furgón;-;2024-06-18;R5: hay 1 bajas de su sociedad y categoria pero ninguna en la ventana 2024-03-18..2024-12-18. Mas cercanas: 8767LLW (2025-02-11, +238d)
ALTA;1255MJM;CGAC;Furgoneta/Furgón;-;2023-07-21;Competencia: tenia 3 baja(s) admisible(s) pero otra alta de la misma sociedad las aprovecha mejor. Se necesitan mas bajas de Furgoneta/Furgón en CGAC
ALTA;1256MJM;CGAC;Furgoneta/Furgón;-;2023-07-21;Competencia: tenia 3 baja(s) admisible(s) pero otra alta de la misma sociedad las aprovecha mejor. Se necesitan mas bajas de Furgoneta/Furgón en CGAC
ALTA;1258MJM;CGAC;Furgoneta/Furgón;-;2023-07-21;Competencia: tenia 3 baja(s) admisible(s) pero otra alta de la misma sociedad las aprovecha mejor. Se necesitan mas bajas de Furgoneta/Furgón en CGAC
ALTA;1261MJM;CGAC;Furgoneta/Furgón;-;2023-07-21;Competencia: tenia 3 baja(s) admisible(s) pero otra alta de la misma sociedad las aprovecha mejor. Se necesitan mas bajas de Furgoneta/Furgón en CGAC
ALTA;1406KDP;MEDICION AVANZADA CONTAD.;Turismo;-;2023-02-16;R5: hay 2 bajas de su sociedad y categoria pero ninguna en la ventana 2022-11-16..2023-08-16. Mas cercanas: 0818LKK (2025-01-10, +694d), 8030LKY (2025-01-16, +700d)
ALTA;1428KDP;EMP.MUN.SERVEIS PUBLICS;Turismo;-;2023-01-01;"Adquisicion 2023-01-01 anterior al 2023-01-25 (fuera del ambito CAE); fecha tomada del Excel, confirmar con factura/matriculacion"
ALTA;1634LRB;EMIVASA;Furgoneta/Furgón;-;2025-04-10;R4: EMIVASA tiene 10 bajas elegibles pero ninguna de categoria Furgoneta/Furgón. La sustitucion entre categorias no se admite
ALTA;1954MXT;ARAGONESA SER.PUBLICOS SL;Furgoneta/Furgón;-;2025-01-08;R4: ARAGONESA SER.PUBLICOS SL tiene 7 bajas elegibles pero ninguna de categoria Furgoneta/Furgón. La sustitucion entre categorias no se admite
ALTA;1970MXT;ARAGONESA SER.PUBLICOS SL;Furgoneta/Furgón;-;2025-01-08;R4: ARAGONESA SER.PUBLICOS SL tiene 7 bajas elegibles pero ninguna de categoria Furgoneta/Furgón. La sustitucion entre categorias no se admite
ALTA;1976MXT;ARAGONESA SER.PUBLICOS SL;Furgoneta/Furgón;-;2025-01-08;R4: ARAGONESA SER.PUBLICOS SL tiene 7 bajas elegibles pero ninguna de categoria Furgoneta/Furgón. La sustitucion entre categorias no se admite
ALTA;2043MJP;CGAC;Furgoneta/Furgón;-;2023-07-25;Competencia: tenia 3 baja(s) admisible(s) pero otra alta de la misma sociedad las aprovecha mejor. Se necesitan mas bajas de Furgoneta/Furgón en CGAC
ALTA;2062MJP;CGAC;Furgoneta/Furgón;-;2023-07-25;Competencia: tenia 3 baja(s) admisible(s) pero otra alta de la misma sociedad las aprovecha mejor. Se necesitan mas bajas de Furgoneta/Furgón en CGAC
ALTA;2087MJP;CGAC;Furgoneta/Furgón;-;2023-03-03;Competencia: tenia 3 baja(s) admisible(s) pero otra alta de la misma sociedad las aprovecha mejor. Se necesitan mas bajas de Furgoneta/Furgón en CGAC
ALTA;2340MGR;CGAC;Furgoneta/Furgón;-;2023-04-26;Competencia: tenia 5 baja(s) admisible(s) pero otra alta de la misma sociedad las aprovecha mejor. Se necesitan mas bajas de Furgoneta/Furgón en CGAC
ALTA;2343MGR;CGAC;Furgoneta/Furgón;-;2023-04-27;Competencia: tenia 5 baja(s) admisible(s) pero otra alta de la misma sociedad las aprovecha mejor. Se necesitan mas bajas de Furgoneta/Furgón en CGAC
ALTA;2604MXV;COSTA BELLVER SA;Furgoneta/Furgón;-;2025-01-16;R1: la sociedad COSTA BELLVER SA no tiene ninguna baja elegible. Pedir listado de bajas de esa sociedad
ALTA;2717MXG;AVSA;Furgoneta/Furgón;-;2024-12-18;Competencia: tenia 5 baja(s) admisible(s) pero otra alta de la misma sociedad las aprovecha mejor. Se necesitan mas bajas de Furgoneta/Furgón en AVSA
ALTA;2732MWP;AVSA;Turismo;-;2024-11-21;Competencia: tenia 11 baja(s) admisible(s) pero otra alta de la misma sociedad las aprovecha mejor. Se necesitan mas bajas de Turismo en AVSA
ALTA;2788MXG;AVSA;Furgoneta/Furgón;-;2024-12-18;Competencia: tenia 5 baja(s) admisible(s) pero otra alta de la misma sociedad las aprovecha mejor. Se necesitan mas bajas de Furgoneta/Furgón en AVSA
ALTA;3020MRW;TRAKTA CONTROL Y TRATAM.;Furgoneta/Furgón;-;2024-05-30;R1: la sociedad TRAKTA CONTROL Y TRATAM. no tiene ninguna baja elegible. Pedir listado de bajas de esa sociedad
ALTA;3095MWZ;EMIVASA;Turismo;-;2024-11-28;Competencia: tenia 6 baja(s) admisible(s) pero otra alta de la misma sociedad las aprovecha mejor. Se necesitan mas bajas de Turismo en EMIVASA
ALTA;3140MHW;CGAC;Furgoneta/Furgón;-;2023-06-28;Competencia: tenia 4 baja(s) admisible(s) pero otra alta de la misma sociedad las aprovecha mejor. Se necesitan mas bajas de Furgoneta/Furgón en CGAC
ALTA;3148MWZ;EMIVASA;Turismo;-;2024-12-12;Competencia: tenia 7 baja(s) admisible(s) pero otra alta de la misma sociedad las aprovecha mejor. Se necesitan mas bajas de Turismo en EMIVASA
ALTA;3155MWZ;EMIVASA;Turismo;-;2024-12-12;Competencia: tenia 7 baja(s) admisible(s) pero otra alta de la misma sociedad las aprovecha mejor. Se necesitan mas bajas de Turismo en EMIVASA
ALTA;3160MWZ;EMIVASA;Turismo;-;2024-12-12;Competencia: tenia 7 baja(s) admisible(s) pero otra alta de la misma sociedad las aprovecha mejor. Se necesitan mas bajas de Turismo en EMIVASA
ALTA;3163MWZ;EMIVASA;Turismo;-;2024-12-12;Competencia: tenia 7 baja(s) admisible(s) pero otra alta de la misma sociedad las aprovecha mejor. Se necesitan mas bajas de Turismo en EMIVASA
ALTA;3168MWZ;EMIVASA;Turismo;-;2024-12-12;Competencia: tenia 7 baja(s) admisible(s) pero otra alta de la misma sociedad las aprovecha mejor. Se necesitan mas bajas de Turismo en EMIVASA
ALTA;3173MWZ;EMIVASA;Turismo;-;2024-12-12;Competencia: tenia 7 baja(s) admisible(s) pero otra alta de la misma sociedad las aprovecha mejor. Se necesitan mas bajas de Turismo en EMIVASA
ALTA;3186MXJ;AYWA SER.AMBIENTALES SL;Furgoneta/Furgón;-;2024-12-17;Competencia: tenia 5 baja(s) admisible(s) pero otra alta de la misma sociedad las aprovecha mejor. Se necesitan mas bajas de Furgoneta/Furgón en AYWA SER.AMBIENTALES SL
ALTA;3192MHW;CGAC;Furgoneta/Furgón;-;2023-06-28;Competencia: tenia 4 baja(s) admisible(s) pero otra alta de la misma sociedad las aprovecha mejor. Se necesitan mas bajas de Furgoneta/Furgón en CGAC
ALTA;3201MHW;CGAC;Furgoneta/Furgón;-;2023-06-28;Competencia: tenia 4 baja(s) admisible(s) pero otra alta de la misma sociedad las aprovecha mejor. Se necesitan mas bajas de Furgoneta/Furgón en CGAC
ALTA;3214MXJ;AYWA SER.AMBIENTALES SL;Furgoneta/Furgón;-;2024-12-17;Competencia: tenia 5 baja(s) admisible(s) pero otra alta de la misma sociedad las aprovecha mejor. Se necesitan mas bajas de Furgoneta/Furgón en AYWA SER.AMBIENTALES SL
ALTA;3219MHW;CGAC;Furgoneta/Furgón;-;2023-06-28;Competencia: tenia 4 baja(s) admisible(s) pero otra alta de la misma sociedad las aprovecha mejor. Se necesitan mas bajas de Furgoneta/Furgón en CGAC
ALTA;3256MXH;ISG;Furgoneta/Furgón;-;2024-12-20;Competencia: tenia 1 baja(s) admisible(s) pero otra alta de la misma sociedad las aprovecha mejor. Se necesitan mas bajas de Furgoneta/Furgón en ISG
ALTA;3489MWR;COSTA BELLVER SA;Turismo;-;2024-11-27;R1: la sociedad COSTA BELLVER SA no tiene ninguna baja elegible. Pedir listado de bajas de esa sociedad
ALTA;4000MWL;MEDICION AVANZADA CONTAD.;Furgoneta/Furgón;-;2024-11-18;Competencia: tenia 1 baja(s) admisible(s) pero otra alta de la misma sociedad las aprovecha mejor. Se necesitan mas bajas de Furgoneta/Furgón en MEDICION AVANZADA CONTAD.
ALTA;4004MWL;MEDICION AVANZADA CONTAD.;Furgoneta/Furgón;-;2024-11-18;Competencia: tenia 1 baja(s) admisible(s) pero otra alta de la misma sociedad las aprovecha mejor. Se necesitan mas bajas de Furgoneta/Furgón en MEDICION AVANZADA CONTAD.
ALTA;4082MXJ;VALORIA INVESTMENTS 2011;Furgoneta/Furgón;-;2024-12-23;R1: la sociedad VALORIA INVESTMENTS 2011 no tiene ninguna baja elegible. Pedir listado de bajas de esa sociedad
ALTA;4255MXL;EMIVASA;Furgoneta/Furgón;-;2024-12-27;R4: EMIVASA tiene 10 bajas elegibles pero ninguna de categoria Furgoneta/Furgón. La sustitucion entre categorias no se admite
ALTA;4257MXL;EMIVASA;Furgoneta/Furgón;-;2024-12-27;R4: EMIVASA tiene 10 bajas elegibles pero ninguna de categoria Furgoneta/Furgón. La sustitucion entre categorias no se admite
ALTA;4258MXL;EMIVASA;Furgoneta/Furgón;-;2024-12-27;R4: EMIVASA tiene 10 bajas elegibles pero ninguna de categoria Furgoneta/Furgón. La sustitucion entre categorias no se admite
ALTA;4260MXL;EMIVASA;Furgoneta/Furgón;-;2024-12-27;R4: EMIVASA tiene 10 bajas elegibles pero ninguna de categoria Furgoneta/Furgón. La sustitucion entre categorias no se admite
ALTA;4261MXL;EMIVASA;Furgoneta/Furgón;-;2024-12-27;R4: EMIVASA tiene 10 bajas elegibles pero ninguna de categoria Furgoneta/Furgón. La sustitucion entre categorias no se admite
ALTA;4263MXL;EMIVASA;Furgoneta/Furgón;-;2024-12-27;R4: EMIVASA tiene 10 bajas elegibles pero ninguna de categoria Furgoneta/Furgón. La sustitucion entre categorias no se admite
ALTA;4265MXL;EMIVASA;Furgoneta/Furgón;-;2024-12-27;R4: EMIVASA tiene 10 bajas elegibles pero ninguna de categoria Furgoneta/Furgón. La sustitucion entre categorias no se admite
ALTA;4266MXL;EMIVASA;Furgoneta/Furgón;-;2024-12-27;R4: EMIVASA tiene 10 bajas elegibles pero ninguna de categoria Furgoneta/Furgón. La sustitucion entre categorias no se admite
ALTA;4267MXL;EMIVASA;Furgoneta/Furgón;-;2024-12-27;R4: EMIVASA tiene 10 bajas elegibles pero ninguna de categoria Furgoneta/Furgón. La sustitucion entre categorias no se admite
ALTA;4268MXL;EMIVASA;Furgoneta/Furgón;-;2024-12-27;R4: EMIVASA tiene 10 bajas elegibles pero ninguna de categoria Furgoneta/Furgón. La sustitucion entre categorias no se admite
ALTA;4280MXL;EMIVASA;Furgoneta/Furgón;-;2024-12-27;R4: EMIVASA tiene 10 bajas elegibles pero ninguna de categoria Furgoneta/Furgón. La sustitucion entre categorias no se admite
ALTA;4282MXL;EMIVASA;Furgoneta/Furgón;-;2024-12-27;R4: EMIVASA tiene 10 bajas elegibles pero ninguna de categoria Furgoneta/Furgón. La sustitucion entre categorias no se admite
ALTA;4284MXL;EMIVASA;Furgoneta/Furgón;-;2024-12-27;R4: EMIVASA tiene 10 bajas elegibles pero ninguna de categoria Furgoneta/Furgón. La sustitucion entre categorias no se admite
ALTA;4300MXL;EMIVASA;Furgoneta/Furgón;-;2024-12-27;R4: EMIVASA tiene 10 bajas elegibles pero ninguna de categoria Furgoneta/Furgón. La sustitucion entre categorias no se admite
ALTA;4564MHF;CGAC;Furgoneta/Furgón;-;2023-05-31;Competencia: tenia 5 baja(s) admisible(s) pero otra alta de la misma sociedad las aprovecha mejor. Se necesitan mas bajas de Furgoneta/Furgón en CGAC
ALTA;4621MVB;EMP.AG.POTABL.MALGRAT SA;Furgoneta/Furgón;-;2024-09-05;R4: EMP.AG.POTABL.MALGRAT SA tiene 1 bajas elegibles pero ninguna de categoria Furgoneta/Furgón. La sustitucion entre categorias no se admite
ALTA;4622MVB;EMP.AG.POTABL.MALGRAT SA;Furgoneta/Furgón;-;2024-09-16;R4: EMP.AG.POTABL.MALGRAT SA tiene 1 bajas elegibles pero ninguna de categoria Furgoneta/Furgón. La sustitucion entre categorias no se admite
ALTA;4623MVB;EMP.AG.POTABL.MALGRAT SA;Furgoneta/Furgón;-;2024-09-16;R4: EMP.AG.POTABL.MALGRAT SA tiene 1 bajas elegibles pero ninguna de categoria Furgoneta/Furgón. La sustitucion entre categorias no se admite
ALTA;5244MXL;UTE CHIVA(AV/EG);Furgoneta/Furgón;-;2024-12-27;Competencia: tenia 1 baja(s) admisible(s) pero otra alta de la misma sociedad las aprovecha mejor. Se necesitan mas bajas de Furgoneta/Furgón en UTE CHIVA(AV/EG)
ALTA;5357MDX;VALORIA INVESTMENTS 2011;Turismo;-;2023-02-15;R1: la sociedad VALORIA INVESTMENTS 2011 no tiene ninguna baja elegible. Pedir listado de bajas de esa sociedad
ALTA;5360MXF;AVSA;Furgoneta/Furgón;-;2024-12-18;Competencia: tenia 5 baja(s) admisible(s) pero otra alta de la misma sociedad las aprovecha mejor. Se necesitan mas bajas de Furgoneta/Furgón en AVSA
ALTA;5665MWP;CANALIZ. CIVILES S.A.;Turismo;-;2024-11-21;Competencia: tenia 1 baja(s) admisible(s) pero otra alta de la misma sociedad las aprovecha mejor. Se necesitan mas bajas de Turismo en CANALIZ. CIVILES S.A.
ALTA;5995KSD;G.O.MEDIOAMBIENTE S.L.;Turismo;-;2018-12-01;"Adquisicion 2018-12-01 anterior al 2023-01-25 (fuera del ambito CAE); fecha tomada del Excel, confirmar con factura/matriculacion"
ALTA;6005MWV;CANALIZ. CIVILES S.A.;Turismo;-;2024-11-26;Competencia: tenia 2 baja(s) admisible(s) pero otra alta de la misma sociedad las aprovecha mejor. Se necesitan mas bajas de Turismo en CANALIZ. CIVILES S.A.
ALTA;6019MWV;CANALIZ. CIVILES S.A.;Turismo;-;2024-11-29;Competencia: tenia 2 baja(s) admisible(s) pero otra alta de la misma sociedad las aprovecha mejor. Se necesitan mas bajas de Turismo en CANALIZ. CIVILES S.A.
ALTA;6022MWV;CANALIZ. CIVILES S.A.;Turismo;-;2024-11-27;Competencia: tenia 2 baja(s) admisible(s) pero otra alta de la misma sociedad las aprovecha mejor. Se necesitan mas bajas de Turismo en CANALIZ. CIVILES S.A.
ALTA;6028MWV;AVSA;Turismo;-;2024-11-26;Competencia: tenia 11 baja(s) admisible(s) pero otra alta de la misma sociedad las aprovecha mejor. Se necesitan mas bajas de Turismo en AVSA
ALTA;6046MWV;AVSA;Turismo;-;2024-11-26;Competencia: tenia 11 baja(s) admisible(s) pero otra alta de la misma sociedad las aprovecha mejor. Se necesitan mas bajas de Turismo en AVSA
ALTA;6051KRV;G.O.MEDIOAMBIENTE S.L.;Turismo;-;2024-03-27;Competencia: tenia 1 baja(s) admisible(s) pero otra alta de la misma sociedad las aprovecha mejor. Se necesitan mas bajas de Turismo en G.O.MEDIOAMBIENTE S.L.
ALTA;6055MWV;AVSA;Turismo;-;2024-11-26;Competencia: tenia 11 baja(s) admisible(s) pero otra alta de la misma sociedad las aprovecha mejor. Se necesitan mas bajas de Turismo en AVSA
ALTA;6087MWV;AVSA;Turismo;-;2024-11-26;Competencia: tenia 11 baja(s) admisible(s) pero otra alta de la misma sociedad las aprovecha mejor. Se necesitan mas bajas de Turismo en AVSA
ALTA;6102MWV;AVSA;Turismo;-;2024-11-26;Competencia: tenia 11 baja(s) admisible(s) pero otra alta de la misma sociedad las aprovecha mejor. Se necesitan mas bajas de Turismo en AVSA
ALTA;6109MWV;ISG;Turismo;-;2024-11-29;Competencia: tenia 3 baja(s) admisible(s) pero otra alta de la misma sociedad las aprovecha mejor. Se necesitan mas bajas de Turismo en ISG
ALTA;6125MWV;ISG;Turismo;-;2024-11-25;Competencia: tenia 3 baja(s) admisible(s) pero otra alta de la misma sociedad las aprovecha mejor. Se necesitan mas bajas de Turismo en ISG
ALTA;6248MWV;G.O.INVERSIONES S.L.;Turismo;-;2024-11-29;R5: hay 1 bajas de su sociedad y categoria pero ninguna en la ventana 2024-08-29..2025-05-29. Mas cercanas: 8891LBN (2024-07-05, -147d)
ALTA;6271MXF;AVSA;Furgoneta/Furgón;-;2024-12-18;Competencia: tenia 5 baja(s) admisible(s) pero otra alta de la misma sociedad las aprovecha mejor. Se necesitan mas bajas de Furgoneta/Furgón en AVSA
ALTA;6370MXF;AVSA;Furgoneta/Furgón;-;2024-12-18;Competencia: tenia 5 baja(s) admisible(s) pero otra alta de la misma sociedad las aprovecha mejor. Se necesitan mas bajas de Furgoneta/Furgón en AVSA
ALTA;6727LMH;G.O.MEDIOAMBIENTE S.L.;Motocicleta;-;2024-04-02;R4: G.O.MEDIOAMBIENTE S.L. tiene 12 bajas elegibles pero ninguna de categoria Motocicleta. La sustitucion entre categorias no se admite
ALTA;6847MWL;CGAC;Furgoneta/Furgón;-;2024-11-18;Competencia: tenia 3 baja(s) admisible(s) pero otra alta de la misma sociedad las aprovecha mejor. Se necesitan mas bajas de Furgoneta/Furgón en CGAC
ALTA;6952MXF;G.O.INVERSIONES S.L.;Furgoneta/Furgón;-;2024-12-18;R4: G.O.INVERSIONES S.L. tiene 1 bajas elegibles pero ninguna de categoria Furgoneta/Furgón. La sustitucion entre categorias no se admite
ALTA;7151MXV;EMPRESA MIXTA CALPE;Furgoneta/Furgón;-;2024-12-17;R4: EMPRESA MIXTA CALPE tiene 1 bajas elegibles pero ninguna de categoria Furgoneta/Furgón. La sustitucion entre categorias no se admite
ALTA;7725MXF;GAMASER;Furgoneta/Furgón;-;2024-12-19;Competencia: tenia 1 baja(s) admisible(s) pero otra alta de la misma sociedad las aprovecha mejor. Se necesitan mas bajas de Furgoneta/Furgón en GAMASER
ALTA;7830MXF;GAMASER;Furgoneta/Furgón;-;2024-12-18;Competencia: tenia 1 baja(s) admisible(s) pero otra alta de la misma sociedad las aprovecha mejor. Se necesitan mas bajas de Furgoneta/Furgón en GAMASER
ALTA;8249MXG;ISG;Furgoneta/Furgón;-;2024-12-19;Competencia: tenia 1 baja(s) admisible(s) pero otra alta de la misma sociedad las aprovecha mejor. Se necesitan mas bajas de Furgoneta/Furgón en ISG
ALTA;8328MCZ;CGAC;Furgoneta/Furgón;-;2022-12-23;Adquisicion 2022-12-23 anterior al 2023-01-25 (fuera del ambito CAE)
ALTA;8387MXG;ISG;Furgoneta/Furgón;-;2024-12-19;Competencia: tenia 1 baja(s) admisible(s) pero otra alta de la misma sociedad las aprovecha mejor. Se necesitan mas bajas de Furgoneta/Furgón en ISG
ALTA;8392MXG;ISG;Furgoneta/Furgón;-;2024-12-19;Competencia: tenia 1 baja(s) admisible(s) pero otra alta de la misma sociedad las aprovecha mejor. Se necesitan mas bajas de Furgoneta/Furgón en ISG
ALTA;8436MXG;ISG;Furgoneta/Furgón;-;2024-12-19;Competencia: tenia 1 baja(s) admisible(s) pero otra alta de la misma sociedad las aprovecha mejor. Se necesitan mas bajas de Furgoneta/Furgón en ISG
ALTA;8479MWP;EMIVASA;Turismo;-;2024-11-27;Competencia: tenia 6 baja(s) admisible(s) pero otra alta de la misma sociedad las aprovecha mejor. Se necesitan mas bajas de Turismo en EMIVASA
ALTA;8480MWP;EMIVASA;Turismo;-;2024-11-27;Competencia: tenia 6 baja(s) admisible(s) pero otra alta de la misma sociedad las aprovecha mejor. Se necesitan mas bajas de Turismo en EMIVASA
ALTA;8481MWP;EMIVASA;Turismo;-;2024-11-27;Competencia: tenia 6 baja(s) admisible(s) pero otra alta de la misma sociedad las aprovecha mejor. Se necesitan mas bajas de Turismo en EMIVASA
ALTA;8486MWP;EMIVASA;Turismo;-;2024-11-27;Competencia: tenia 6 baja(s) admisible(s) pero otra alta de la misma sociedad las aprovecha mejor. Se necesitan mas bajas de Turismo en EMIVASA
ALTA;8487MWP;EMIVASA;Turismo;-;2024-11-27;Competencia: tenia 6 baja(s) admisible(s) pero otra alta de la misma sociedad las aprovecha mejor. Se necesitan mas bajas de Turismo en EMIVASA
ALTA;8488MWP;EMIVASA;Turismo;-;2024-11-27;Competencia: tenia 6 baja(s) admisible(s) pero otra alta de la misma sociedad las aprovecha mejor. Se necesitan mas bajas de Turismo en EMIVASA
ALTA;8496MXG;ISG;Furgoneta/Furgón;-;2024-12-19;Competencia: tenia 1 baja(s) admisible(s) pero otra alta de la misma sociedad las aprovecha mejor. Se necesitan mas bajas de Furgoneta/Furgón en ISG
ALTA;8533MDK;CGAC;Furgoneta/Furgón;-;2022-12-14;Adquisicion 2022-12-14 anterior al 2023-01-25 (fuera del ambito CAE)
ALTA;8539MDK;CGAC;Furgoneta/Furgón;-;2022-12-14;Adquisicion 2022-12-14 anterior al 2023-01-25 (fuera del ambito CAE)
ALTA;8601MWT;CGAC;Furgoneta/Furgón;-;2024-11-28;Competencia: tenia 3 baja(s) admisible(s) pero otra alta de la misma sociedad las aprovecha mejor. Se necesitan mas bajas de Furgoneta/Furgón en CGAC
ALTA;8603MWT;CGAC;Furgoneta/Furgón;-;2024-11-28;Competencia: tenia 3 baja(s) admisible(s) pero otra alta de la misma sociedad las aprovecha mejor. Se necesitan mas bajas de Furgoneta/Furgón en CGAC
ALTA;8606MWT;CGAC;Furgoneta/Furgón;-;2024-11-28;Competencia: tenia 3 baja(s) admisible(s) pero otra alta de la misma sociedad las aprovecha mejor. Se necesitan mas bajas de Furgoneta/Furgón en CGAC
ALTA;8616MWT;CGAC;Furgoneta/Furgón;-;2024-11-28;Competencia: tenia 3 baja(s) admisible(s) pero otra alta de la misma sociedad las aprovecha mejor. Se necesitan mas bajas de Furgoneta/Furgón en CGAC
ALTA;8617MWT;CGAC;Furgoneta/Furgón;-;2024-11-28;Competencia: tenia 3 baja(s) admisible(s) pero otra alta de la misma sociedad las aprovecha mejor. Se necesitan mas bajas de Furgoneta/Furgón en CGAC
ALTA;8618MWT;CGAC;Furgoneta/Furgón;-;2024-11-28;Competencia: tenia 3 baja(s) admisible(s) pero otra alta de la misma sociedad las aprovecha mejor. Se necesitan mas bajas de Furgoneta/Furgón en CGAC
ALTA;8619MWT;CGAC;Furgoneta/Furgón;-;2024-11-28;Competencia: tenia 3 baja(s) admisible(s) pero otra alta de la misma sociedad las aprovecha mejor. Se necesitan mas bajas de Furgoneta/Furgón en CGAC
ALTA;8623MCZ;CGAC;Turismo;-;2022-12-14;Adquisicion 2022-12-14 anterior al 2023-01-25 (fuera del ambito CAE)
ALTA;8624MWT;CGAC;Furgoneta/Furgón;-;2024-11-28;Competencia: tenia 3 baja(s) admisible(s) pero otra alta de la misma sociedad las aprovecha mejor. Se necesitan mas bajas de Furgoneta/Furgón en CGAC
ALTA;8625MWT;CGAC;Furgoneta/Furgón;-;2024-11-28;Competencia: tenia 3 baja(s) admisible(s) pero otra alta de la misma sociedad las aprovecha mejor. Se necesitan mas bajas de Furgoneta/Furgón en CGAC
ALTA;8626MWT;CANALIZ. CIVILES S.A.;Furgoneta/Furgón;-;2024-11-28;Competencia: tenia 2 baja(s) admisible(s) pero otra alta de la misma sociedad las aprovecha mejor. Se necesitan mas bajas de Furgoneta/Furgón en CANALIZ. CIVILES S.A.
ALTA;8627MWT;CANALIZ. CIVILES S.A.;Furgoneta/Furgón;-;2024-11-28;Competencia: tenia 2 baja(s) admisible(s) pero otra alta de la misma sociedad las aprovecha mejor. Se necesitan mas bajas de Furgoneta/Furgón en CANALIZ. CIVILES S.A.
ALTA;8636MWT;CANALIZ. CIVILES S.A.;Furgoneta/Furgón;-;2024-11-28;Competencia: tenia 2 baja(s) admisible(s) pero otra alta de la misma sociedad las aprovecha mejor. Se necesitan mas bajas de Furgoneta/Furgón en CANALIZ. CIVILES S.A.
ALTA;8637MWT;CANALIZ. CIVILES S.A.;Furgoneta/Furgón;-;2024-11-28;Competencia: tenia 2 baja(s) admisible(s) pero otra alta de la misma sociedad las aprovecha mejor. Se necesitan mas bajas de Furgoneta/Furgón en CANALIZ. CIVILES S.A.
ALTA;8640MWT;CANALIZ. CIVILES S.A.;Furgoneta/Furgón;-;2024-11-29;Competencia: tenia 2 baja(s) admisible(s) pero otra alta de la misma sociedad las aprovecha mejor. Se necesitan mas bajas de Furgoneta/Furgón en CANALIZ. CIVILES S.A.
ALTA;8642MWT;CANALIZ. CIVILES S.A.;Furgoneta/Furgón;-;2024-11-29;Competencia: tenia 2 baja(s) admisible(s) pero otra alta de la misma sociedad las aprovecha mejor. Se necesitan mas bajas de Furgoneta/Furgón en CANALIZ. CIVILES S.A.
ALTA;8644MWT;CANALIZ. CIVILES S.A.;Furgoneta/Furgón;-;2024-11-29;Competencia: tenia 2 baja(s) admisible(s) pero otra alta de la misma sociedad las aprovecha mejor. Se necesitan mas bajas de Furgoneta/Furgón en CANALIZ. CIVILES S.A.
ALTA;8647MWT;CANALIZ. CIVILES S.A.;Furgoneta/Furgón;-;2024-11-28;Competencia: tenia 2 baja(s) admisible(s) pero otra alta de la misma sociedad las aprovecha mejor. Se necesitan mas bajas de Furgoneta/Furgón en CANALIZ. CIVILES S.A.
ALTA;8651MWT;CANALIZ. CIVILES S.A.;Furgoneta/Furgón;-;2024-11-28;Competencia: tenia 2 baja(s) admisible(s) pero otra alta de la misma sociedad las aprovecha mejor. Se necesitan mas bajas de Furgoneta/Furgón en CANALIZ. CIVILES S.A.
ALTA;8654MCZ;CGAC;Furgoneta/Furgón;-;2022-12-14;Adquisicion 2022-12-14 anterior al 2023-01-25 (fuera del ambito CAE)
ALTA;8658MWT;CANALIZ. CIVILES S.A.;Furgoneta/Furgón;-;2024-11-28;Competencia: tenia 2 baja(s) admisible(s) pero otra alta de la misma sociedad las aprovecha mejor. Se necesitan mas bajas de Furgoneta/Furgón en CANALIZ. CIVILES S.A.
ALTA;8675MCZ;CGAC;Turismo;-;2022-12-23;Adquisicion 2022-12-23 anterior al 2023-01-25 (fuera del ambito CAE)
ALTA;8697MCZ;CGAC;Furgoneta/Furgón;-;2022-12-23;Adquisicion 2022-12-23 anterior al 2023-01-25 (fuera del ambito CAE)
ALTA;8711MXK;AYWA SER.AMBIENTALES SL;Furgoneta/Furgón;-;2024-12-17;Competencia: tenia 5 baja(s) admisible(s) pero otra alta de la misma sociedad las aprovecha mejor. Se necesitan mas bajas de Furgoneta/Furgón en AYWA SER.AMBIENTALES SL
ALTA;8781MXK;MEDICION AVANZADA CONTAD.;Furgoneta/Furgón;-;2024-12-26;Competencia: tenia 1 baja(s) admisible(s) pero otra alta de la misma sociedad las aprovecha mejor. Se necesitan mas bajas de Furgoneta/Furgón en MEDICION AVANZADA CONTAD.
ALTA;8796MXK;EMIVASA;Furgoneta/Furgón;-;2024-12-26;R4: EMIVASA tiene 10 bajas elegibles pero ninguna de categoria Furgoneta/Furgón. La sustitucion entre categorias no se admite
ALTA;8867KDN;CGAC;Turismo;-;2023-01-05;Adquisicion 2023-01-05 anterior al 2023-01-25 (fuera del ambito CAE)
ALTA;8868KDN;CGAC;Turismo;-;2023-01-25;Adquisicion 2023-01-25 anterior al 2023-01-25 (fuera del ambito CAE)
ALTA;8877KDN;CGAC;Turismo;-;2023-01-05;Adquisicion 2023-01-05 anterior al 2023-01-25 (fuera del ambito CAE)
ALTA;8998MSH;CGAC;Furgoneta/Furgón;-;2024-06-20;Competencia: tenia 2 baja(s) admisible(s) pero otra alta de la misma sociedad las aprovecha mejor. Se necesitan mas bajas de Furgoneta/Furgón en CGAC
ALTA;8999MSH;CGAC;Furgoneta/Furgón;-;2024-06-20;Competencia: tenia 2 baja(s) admisible(s) pero otra alta de la misma sociedad las aprovecha mejor. Se necesitan mas bajas de Furgoneta/Furgón en CGAC
ALTA;9049MWN;AVSA;Turismo;-;2024-11-26;Competencia: tenia 11 baja(s) admisible(s) pero otra alta de la misma sociedad las aprovecha mejor. Se necesitan mas bajas de Turismo en AVSA
ALTA;9061MVW;COSTA BELLVER SA;Turismo;-;2024-10-23;R1: la sociedad COSTA BELLVER SA no tiene ninguna baja elegible. Pedir listado de bajas de esa sociedad
ALTA;9273MWZ;EMIVASA;Turismo;-;2024-12-12;Competencia: tenia 7 baja(s) admisible(s) pero otra alta de la misma sociedad las aprovecha mejor. Se necesitan mas bajas de Turismo en EMIVASA
ALTA;9275MWZ;EMIVASA;Turismo;-;2024-12-12;Competencia: tenia 7 baja(s) admisible(s) pero otra alta de la misma sociedad las aprovecha mejor. Se necesitan mas bajas de Turismo en EMIVASA
ALTA;9546MWW;MEDICION AVANZADA CONTAD.;Turismo;-;2024-11-26;Competencia: tenia 2 baja(s) admisible(s) pero otra alta de la misma sociedad las aprovecha mejor. Se necesitan mas bajas de Turismo en MEDICION AVANZADA CONTAD.
ALTA;9605MMH;G.O.MEDIOAMBIENTE S.L.;Furgoneta/Furgón;-;2023-12-22;R5: hay 1 bajas de su sociedad y categoria pero ninguna en la ventana 2023-09-22..2024-06-22. Mas cercanas: 8767LLW (2025-02-11, +417d)
ALTA;9925MWY;EMIVASA;Turismo;-;2024-12-11;Competencia: tenia 7 baja(s) admisible(s) pero otra alta de la misma sociedad las aprovecha mejor. Se necesitan mas bajas de Turismo en EMIVASA
ALTA;9926MWY;EMIVASA;Turismo;-;2024-12-11;Competencia: tenia 7 baja(s) admisible(s) pero otra alta de la misma sociedad las aprovecha mejor. Se necesitan mas bajas de Turismo en EMIVASA
ALTA;9927MWY;EMIVASA;Turismo;-;2024-12-11;Competencia: tenia 7 baja(s) admisible(s) pero otra alta de la misma sociedad las aprovecha mejor. Se necesitan mas bajas de Turismo en EMIVASA
ALTA;9928MWY;EMIVASA;Turismo;-;2024-12-11;Competencia: tenia 7 baja(s) admisible(s) pero otra alta de la misma sociedad las aprovecha mejor. Se necesitan mas bajas de Turismo en EMIVASA
ALTA;9929MWY;EMIVASA;Turismo;-;2024-12-11;Competencia: tenia 7 baja(s) admisible(s) pero otra alta de la misma sociedad las aprovecha mejor. Se necesitan mas bajas de Turismo en EMIVASA
ALTA;9930MWY;EMIVASA;Turismo;-;2024-12-11;Competencia: tenia 7 baja(s) admisible(s) pero otra alta de la misma sociedad las aprovecha mejor. Se necesitan mas bajas de Turismo en EMIVASA
ALTA;9931MWY;EMIVASA;Turismo;-;2024-12-11;Competencia: tenia 7 baja(s) admisible(s) pero otra alta de la misma sociedad las aprovecha mejor. Se necesitan mas bajas de Turismo en EMIVASA
ALTA;P8325BDH;VALORIA INVESTMENTS 2011;Maquinaria Auxiliar;-;2023-07-31;Matricula no valida ('P8325BDH'): no es un vehiculo
BAJA;0041LWY;CGAC;Turismo;ALQUILER_CORTA_DURACION;2023-11-29;Posesion 58d < 730d exigidos para un vehiculo tenido en arrendamiento
BAJA;0168KYM;CANALIZ. CIVILES S.A.;Furgoneta/Furgón;ALQUILER_CORTA_DURACION;2024-12-31;Posesion 166d < 730d exigidos para un vehiculo tenido en arrendamiento
BAJA;0289LJZ;AYWA SER.AMBIENTALES SL;Turismo;ALQUILER_CORTA_DURACION;2024-07-05;Elegible pero sin alta compatible (sociedad/categoria/ventana)
BAJA;0290JLY;EGEVASA;Furgoneta/Furgón;RENTING;2023-10-24;Elegible pero sin alta compatible (sociedad/categoria/ventana)
BAJA;0297JBF;MEDICION AVANZADA CONTAD.;Motocicleta;PROPIEDAD;2024-10-14;Elegible pero sin alta compatible (sociedad/categoria/ventana)
BAJA;0305JBF;MEDICION AVANZADA CONTAD.;Motocicleta;PROPIEDAD;2024-09-26;Elegible pero sin alta compatible (sociedad/categoria/ventana)
BAJA;0351JWC;EGEVASA;Camión;RENTING;2023-08-31;Elegible pero sin alta compatible (sociedad/categoria/ventana)
BAJA;0360KLY;MEDICION AVANZADA CONTAD.;Furgoneta/Furgón;ALQUILER_CORTA_DURACION;2024-01-30;Posesion 39d < 730d exigidos para un vehiculo tenido en arrendamiento
BAJA;0370LXS;CANALIZ. CIVILES S.A.;Furgoneta/Furgón;ALQUILER_CORTA_DURACION;2025-01-01;Posesion 660d < 730d exigidos para un vehiculo tenido en arrendamiento
BAJA;0426KHR;AVSA;Turismo;RENTING;2023-02-08;Elegible pero sin alta compatible (sociedad/categoria/ventana)
BAJA;0722KVP;EGEVASA;Turismo;RENTING;2023-04-08;Elegible pero sin alta compatible (sociedad/categoria/ventana)
BAJA;0824MCY;CGAC;Todo Terreno;ALQUILER_CORTA_DURACION;2023-05-12;Posesion 85d < 730d exigidos para un vehiculo tenido en arrendamiento
BAJA;0841KWW;EGEVASA;Turismo;RENTING;2024-07-03;Elegible pero sin alta compatible (sociedad/categoria/ventana)
BAJA;0842KVR;EMIVASA;Turismo;RENTING;2023-02-08;Elegible pero sin alta compatible (sociedad/categoria/ventana)
BAJA;0894LKM;AVSA;Turismo;RENTING;-;Sin fecha de venta/entrega | Posesion NO_CONSTAd < 730d exigidos para un vehiculo tenido en arrendamiento
BAJA;0909HZB;MEDICION AVANZADA CONTAD.;Motocicleta;PROPIEDAD;2023-02-17;Elegible pero sin alta compatible (sociedad/categoria/ventana)
BAJA;0962LBT;ARAGONESA SER.PUBLICOS SL;Camión;ALQUILER_CORTA_DURACION;2023-08-31;Posesion 413d < 730d exigidos para un vehiculo tenido en arrendamiento
BAJA;0986LVB;JEMAR E HIJOS S.L.;Camión;PROPIEDAD;2023-11-15;Elegible pero sin alta compatible (sociedad/categoria/ventana)
BAJA;1188JZF;CGAC;Todo Terreno;ALQUILER_CORTA_DURACION;2024-06-14;Elegible pero sin alta compatible (sociedad/categoria/ventana)
BAJA;1469CWR;JEMAR E HIJOS S.L.;Camión;PROPIEDAD;2023-11-15;Elegible pero sin alta compatible (sociedad/categoria/ventana)
BAJA;1473CWR;JEMAR E HIJOS S.L.;Camión;PROPIEDAD;2023-11-15;Elegible pero sin alta compatible (sociedad/categoria/ventana)
BAJA;1541LDT;ARAGONESA SER.PUBLICOS SL;Camión;ALQUILER_CORTA_DURACION;2023-11-30;Posesion 596d < 730d exigidos para un vehiculo tenido en arrendamiento
BAJA;1601JCF;JEMAR E HIJOS S.L.;Camión;PROPIEDAD;2023-11-15;Elegible pero sin alta compatible (sociedad/categoria/ventana)
BAJA;1722MGL;CGAC;Furgoneta/Furgón;ALQUILER_CORTA_DURACION;2024-05-21;Posesion 111d < 730d exigidos para un vehiculo tenido en arrendamiento
BAJA;1865LDL;MEDICION AVANZADA CONTAD.;Turismo;ALQUILER_CORTA_DURACION;2024-01-30;Posesion 39d < 730d exigidos para un vehiculo tenido en arrendamiento
BAJA;1918LMY;CGAC;Turismo;ALQUILER_CORTA_DURACION;2024-03-08;Elegible pero sin alta compatible (sociedad/categoria/ventana)
BAJA;1947KMM;CGAC;Furgoneta/Furgón;ALQUILER_CORTA_DURACION;2023-02-01;Posesion 0d < 730d exigidos para un vehiculo tenido en arrendamiento
BAJA;1987HGR;MEDICION AVANZADA CONTAD.;Motocicleta;PROPIEDAD;2024-10-29;Elegible pero sin alta compatible (sociedad/categoria/ventana)
BAJA;2042MSX;G.O.MEDIOAMBIENTE S.L.;Furgoneta/Furgón;ALQUILER_CORTA_DURACION;2024-12-05;Posesion 90d < 730d exigidos para un vehiculo tenido en arrendamiento
BAJA;2056MSX;G.O.MEDIOAMBIENTE S.L.;Furgoneta/Furgón;ALQUILER_CORTA_DURACION;2024-12-05;Posesion 90d < 730d exigidos para un vehiculo tenido en arrendamiento
BAJA;2096LKP;AVSA;Turismo;RENTING;2025-11-18;Elegible pero sin alta compatible (sociedad/categoria/ventana)
BAJA;2138CTS;CGAC;Camión;CEDIDO (POR AYTO, PLANTA.;2024-06-01;Elegible pero sin alta compatible (sociedad/categoria/ventana)
BAJA;2179KNN;G.O.MEDIOAMBIENTE S.L.;Turismo;RENTING;2023-04-11;Elegible pero sin alta compatible (sociedad/categoria/ventana)
BAJA;2258JPC;CGAC;Furgoneta/Furgón;RENTING;2024-02-08;Elegible pero sin alta compatible (sociedad/categoria/ventana)
BAJA;2316KZH;EMP.MUN.SERVEIS PUBLICS;Turismo;RENTING;2025-02-27;Elegible pero sin alta compatible (sociedad/categoria/ventana)
BAJA;2502LZC;CGAC;Furgoneta/Furgón;ALQUILER_CORTA_DURACION;2024-03-21;Posesion 49d < 730d exigidos para un vehiculo tenido en arrendamiento
BAJA;2517LSG;CANALIZ. CIVILES S.A.;Turismo;RENTING;2025-10-06;Elegible pero sin alta compatible (sociedad/categoria/ventana)
BAJA;2657KZK;AVSA;Turismo;RENTING;2023-10-05;Elegible pero sin alta compatible (sociedad/categoria/ventana)
BAJA;2675KGJ;G.O.MEDIOAMBIENTE S.L.;Turismo;ALQUILER_CORTA_DURACION;2023-10-31;Elegible pero sin alta compatible (sociedad/categoria/ventana)
BAJA;2678KGJ;G.O.MEDIOAMBIENTE S.L.;Turismo;ALQUILER_CORTA_DURACION;2023-11-03;Elegible pero sin alta compatible (sociedad/categoria/ventana)
BAJA;2825KMP;CANALIZ. CIVILES S.A.;Turismo;RENTING;2024-02-01;Elegible pero sin alta compatible (sociedad/categoria/ventana)
BAJA;2842LYK;CGAC;Furgoneta/Furgón;ALQUILER_CORTA_DURACION;2024-03-21;Posesion 49d < 730d exigidos para un vehiculo tenido en arrendamiento
BAJA;2933GFR;ARAGONESA SER.PUBLICOS SL;Camión;PROPIEDAD;2023-07-17;Elegible pero sin alta compatible (sociedad/categoria/ventana)
BAJA;3128GKL;ISG;Camión;PROPIEDAD;2024-10-09;Elegible pero sin alta compatible (sociedad/categoria/ventana)
BAJA;3189LLY;EGEVASA;Furgoneta/Furgón;RENTING;2025-02-05;Elegible pero sin alta compatible (sociedad/categoria/ventana)
BAJA;3200LLY;EGEVASA;Furgoneta/Furgón;RENTING;2025-01-28;Elegible pero sin alta compatible (sociedad/categoria/ventana)
BAJA;3264KSC;ARAGONESA SER.PUBLICOS SL;Camión;PROPIEDAD;2023-07-17;Elegible pero sin alta compatible (sociedad/categoria/ventana)
BAJA;3264MDB;CGAC;Furgoneta/Furgón;ALQUILER_CORTA_DURACION;2024-05-13;Posesion 103d < 730d exigidos para un vehiculo tenido en arrendamiento
BAJA;3283KXV;AIGÜES DE SAGUNT, S.A.;Turismo;RENTING;2024-06-14;Elegible pero sin alta compatible (sociedad/categoria/ventana)
BAJA;3299KTP;FUCSA;Turismo;RENTING;2023-02-22;Elegible pero sin alta compatible (sociedad/categoria/ventana)
BAJA;3310MDB;CGAC;Furgoneta/Furgón;ALQUILER_CORTA_DURACION;2024-06-26;Posesion 147d < 730d exigidos para un vehiculo tenido en arrendamiento
BAJA;3447KFH;CGAC;Furgoneta/Furgón;ALQUILER_CORTA_DURACION;2023-09-19;Posesion 230d < 730d exigidos para un vehiculo tenido en arrendamiento
BAJA;3452LZP;CANALIZ. CIVILES S.A.;Furgoneta/Furgón;ALQUILER_CORTA_DURACION;2023-01-01;Posesion 66d < 730d exigidos para un vehiculo tenido en arrendamiento
BAJA;3483KWB;MEDICION AVANZADA CONTAD.;Turismo;ALQUILER_CORTA_DURACION;2024-04-11;Posesion 111d < 730d exigidos para un vehiculo tenido en arrendamiento
BAJA;3575LMF;ISG;Furgoneta/Furgón;RENTING;2023-07-12;Elegible pero sin alta compatible (sociedad/categoria/ventana)
BAJA;3595KDF;CGAC;Furgoneta/Furgón;ALQUILER_CORTA_DURACION;2024-02-20;Elegible pero sin alta compatible (sociedad/categoria/ventana)
BAJA;4006CVG;JEMAR E HIJOS S.L.;Camión;PROPIEDAD;2023-11-15;Elegible pero sin alta compatible (sociedad/categoria/ventana)
BAJA;4058LHB;GLOBAL OMNIUM IDRICA SL;Turismo;RENTING;2024-07-17;Elegible pero sin alta compatible (sociedad/categoria/ventana)
BAJA;4161FVT;CANALIZ. CIVILES S.A.;Camión;ALQUILER_CORTA_DURACION;2023-05-29;Elegible pero sin alta compatible (sociedad/categoria/ventana)
BAJA;4215KVS;SASTESA;Furgoneta/Furgón;PRE-ENTREGA;2023-04-21;Elegible pero sin alta compatible (sociedad/categoria/ventana)
BAJA;4295MRH;AVSA;Turismo;ALQUILER_CORTA_DURACION;2025-03-07;Posesion 273d < 730d exigidos para un vehiculo tenido en arrendamiento
BAJA;4296LBD;CANALIZ. CIVILES S.A.;Turismo;RENTING;2023-09-06;Elegible pero sin alta compatible (sociedad/categoria/ventana)
BAJA;4450LLV;AVSA;Turismo;RENTING;2025-07-20;Elegible pero sin alta compatible (sociedad/categoria/ventana)
BAJA;4456KVD;CANALIZ. CIVILES S.A.;Turismo;RENTING;2023-07-23;Elegible pero sin alta compatible (sociedad/categoria/ventana)
BAJA;4533JFF;CANALIZ. CIVILES S.A.;Furgoneta/Furgón;ALQUILER_CORTA_DURACION;2023-01-01;Elegible pero sin alta compatible (sociedad/categoria/ventana)
BAJA;4579KCW;ISG;Motocicleta;PROPIEDAD;2024-11-08;Elegible pero sin alta compatible (sociedad/categoria/ventana)
BAJA;4655MGJ;CGAC;Turismo;ALQUILER_CORTA_DURACION;2023-12-05;Posesion 63d < 730d exigidos para un vehiculo tenido en arrendamiento
BAJA;4719KYS;CGAC;Turismo;RENTING;2023-08-11;Elegible pero sin alta compatible (sociedad/categoria/ventana)
BAJA;4793KWD;AVSA;Turismo;RENTING;2023-04-21;Elegible pero sin alta compatible (sociedad/categoria/ventana)
BAJA;4836MGD;CGAC;Turismo;ALQUILER_CORTA_DURACION;2023-12-18;Posesion 77d < 730d exigidos para un vehiculo tenido en arrendamiento
BAJA;4921LGX;EMIVASA;Motocicleta;OTROS AUTORIZADOS;2023-09-30;Posesion 637d < 730d exigidos para un vehiculo tenido en arrendamiento
BAJA;4939LFG;GLOBAL OMNIUM IDRICA SL;Turismo;RENTING;2024-02-14;Elegible pero sin alta compatible (sociedad/categoria/ventana)
BAJA;4979LFG;VALORIA 2015 SLU;Turismo;RENTING;2024-02-12;Elegible pero sin alta compatible (sociedad/categoria/ventana)
BAJA;5002LLF;MORELLA;Furgoneta/Furgón;RENTING;2024-12-11;Elegible pero sin alta compatible (sociedad/categoria/ventana)
BAJA;5013LLF;ISG;Furgoneta/Furgón;RENTING;2025-06-30;Elegible pero sin alta compatible (sociedad/categoria/ventana)
BAJA;5056LWD;AVSA;Turismo;ALQUILER_CORTA_DURACION;2024-05-02;Posesion 17d < 730d exigidos para un vehiculo tenido en arrendamiento
BAJA;5106JCS;JEMAR E HIJOS S.L.;Camión;PROPIEDAD;2023-11-15;Elegible pero sin alta compatible (sociedad/categoria/ventana)
BAJA;5113CNG;UTE SOFTCAD-VANAGUA;Turismo;CEDIDO (POR AYTO, PLANTA.;2024-03-31;Elegible pero sin alta compatible (sociedad/categoria/ventana)
BAJA;5188MGJ;CGAC;Turismo;ALQUILER_CORTA_DURACION;2023-11-20;Posesion 47d < 730d exigidos para un vehiculo tenido en arrendamiento
BAJA;5239JVL;AVSA;Turismo;RENTING;2023-07-17;Elegible pero sin alta compatible (sociedad/categoria/ventana)
BAJA;5244MGJ;CGAC;Turismo;ALQUILER_CORTA_DURACION;2023-11-29;Posesion 57d < 730d exigidos para un vehiculo tenido en arrendamiento
BAJA;5249MGJ;CGAC;Turismo;ALQUILER_CORTA_DURACION;2023-12-22;Posesion 80d < 730d exigidos para un vehiculo tenido en arrendamiento
BAJA;5262MGK;CGAC;Turismo;ALQUILER_CORTA_DURACION;2023-11-29;Posesion 57d < 730d exigidos para un vehiculo tenido en arrendamiento
BAJA;5351MGK;CGAC;Turismo;ALQUILER_CORTA_DURACION;2024-03-21;Posesion 170d < 730d exigidos para un vehiculo tenido en arrendamiento
BAJA;5443LLD;AVSA;Turismo;RENTING;2025-05-29;Elegible pero sin alta compatible (sociedad/categoria/ventana)
BAJA;5478LLD;EGEVASA;Turismo;RENTING;2024-12-31;Elegible pero sin alta compatible (sociedad/categoria/ventana)
BAJA;5494LLD;E.Mixta Metropolitana, SA;Turismo;RENTING;2024-12-11;Elegible pero sin alta compatible (sociedad/categoria/ventana)
BAJA;5554FNN;JEMAR E HIJOS S.L.;Furgoneta/Furgón;PROPIEDAD;2023-06-02;Elegible pero sin alta compatible (sociedad/categoria/ventana)
BAJA;5682FHK;CANALIZ. CIVILES S.A.;Camión;PROPIEDAD;2023-02-14;Elegible pero sin alta compatible (sociedad/categoria/ventana)
BAJA;5713LWX;CGAC;Turismo;ALQUILER_CORTA_DURACION;2024-04-01;Posesion 182d < 730d exigidos para un vehiculo tenido en arrendamiento
BAJA;5919LKM;AVSA;Turismo;RENTING;2025-06-04;Elegible pero sin alta compatible (sociedad/categoria/ventana)
BAJA;5941LLV;EGEVASA;Furgoneta/Furgón;RENTING;2025-02-05;Elegible pero sin alta compatible (sociedad/categoria/ventana)
BAJA;6006KNB;VALORIA 2015 SLU;Turismo;RENTING;2024-08-14;Elegible pero sin alta compatible (sociedad/categoria/ventana)
BAJA;6061KRD;FUCSA;Turismo;RENTING;2024-04-04;Elegible pero sin alta compatible (sociedad/categoria/ventana)
BAJA;6112LXB;JEMAR E HIJOS S.L.;Turismo;RENTING;2023-11-15;Posesion 595d < 730d exigidos para un vehiculo tenido en arrendamiento
BAJA;6338KKX;CANALIZ. CIVILES S.A.;Camión;ALQUILER_CORTA_DURACION;2024-01-08;Elegible pero sin alta compatible (sociedad/categoria/ventana)
BAJA;6426GPD;ARAGONESA SER.PUBLICOS SL;Camión;PROPIEDAD;2023-06-13;Elegible pero sin alta compatible (sociedad/categoria/ventana)
BAJA;6529LTJ;G.O.MEDIOAMBIENTE S.L.;Turismo;ALQUILER_CORTA_DURACION;2024-04-24;Posesion 57d < 730d exigidos para un vehiculo tenido en arrendamiento
BAJA;6742MGH;CGAC;Turismo;ALQUILER_CORTA_DURACION;2023-11-29;Posesion 56d < 730d exigidos para un vehiculo tenido en arrendamiento
BAJA;6744LLV;EGEVASA;Furgoneta/Furgón;RENTING;2025-02-08;Elegible pero sin alta compatible (sociedad/categoria/ventana)
BAJA;6783LLV;SASTESA;Furgoneta/Furgón;RENTING;2025-02-08;Elegible pero sin alta compatible (sociedad/categoria/ventana)
BAJA;6901MPH;CGAC;Furgoneta/Furgón;ALQUILER_CORTA_DURACION;2024-12-30;Posesion 210d < 730d exigidos para un vehiculo tenido en arrendamiento
BAJA;6909MPH;CGAC;Furgoneta/Furgón;ALQUILER_CORTA_DURACION;2024-08-12;Posesion 70d < 730d exigidos para un vehiculo tenido en arrendamiento
BAJA;6937MPH;CGAC;Furgoneta/Furgón;ALQUILER_CORTA_DURACION;2024-08-12;Posesion 70d < 730d exigidos para un vehiculo tenido en arrendamiento
BAJA;7017MPH;CGAC;Furgoneta/Furgón;ALQUILER_CORTA_DURACION;2024-08-12;Posesion 70d < 730d exigidos para un vehiculo tenido en arrendamiento
BAJA;7052LLV;AYWA SER.AMBIENTALES SL;Furgoneta/Furgón;RENTING;2024-04-15;Elegible pero sin alta compatible (sociedad/categoria/ventana)
BAJA;7190JDY;AVSA;Turismo;OTROS AUTORIZADOS;2024-03-31;Elegible pero sin alta compatible (sociedad/categoria/ventana)
BAJA;7229LKV;AVSA;Turismo;RENTING;2025-06-23;Elegible pero sin alta compatible (sociedad/categoria/ventana)
BAJA;7275KFD;JEMAR E HIJOS S.L.;Camión;PROPIEDAD;2023-11-15;Elegible pero sin alta compatible (sociedad/categoria/ventana)
BAJA;7431JTL;G.O.MEDIOAMBIENTE S.L.;Turismo;ALQUILER_CORTA_DURACION;2024-08-27;Posesion 553d < 730d exigidos para un vehiculo tenido en arrendamiento
BAJA;7469LLP;CANALIZ. CIVILES S.A.;Furgoneta/Furgón;RENTING;2025-06-11;Elegible pero sin alta compatible (sociedad/categoria/ventana)
BAJA;7621KGX;CGAC;Turismo;ALQUILER_CORTA_DURACION;2023-02-24;Elegible pero sin alta compatible (sociedad/categoria/ventana)
BAJA;7656KSV;ARAGONESA SER.PUBLICOS SL;Camión;PROPIEDAD;2023-07-17;Elegible pero sin alta compatible (sociedad/categoria/ventana)
BAJA;7706KJH;CGAC;Turismo;ALQUILER_CORTA_DURACION;2023-02-24;Posesion 23d < 730d exigidos para un vehiculo tenido en arrendamiento
BAJA;7960KHZ;EMIVASA;Turismo;RENTING;2023-02-07;Elegible pero sin alta compatible (sociedad/categoria/ventana)
BAJA;7992FRV;ARAGONESA SER.PUBLICOS SL;Camión;PROPIEDAD;2023-07-17;Elegible pero sin alta compatible (sociedad/categoria/ventana)
BAJA;7995LKS;CGAC;Turismo;RENTING;2025-12-01;Elegible pero sin alta compatible (sociedad/categoria/ventana)
BAJA;8170LCK;CANALIZ. CIVILES S.A.;Furgoneta/Furgón;ALQUILER_CORTA_DURACION;2024-01-01;Posesion 290d < 730d exigidos para un vehiculo tenido en arrendamiento
BAJA;8213KFW;MEDICION AVANZADA CONTAD.;Motocicleta;PROPIEDAD;2023-02-17;Elegible pero sin alta compatible (sociedad/categoria/ventana)
BAJA;8288KJX;CANALIZ. CIVILES S.A.;Turismo;RENTING;2023-02-07;Elegible pero sin alta compatible (sociedad/categoria/ventana)
BAJA;8343CKG;JEMAR E HIJOS S.L.;Camión;PROPIEDAD;2023-11-15;Elegible pero sin alta compatible (sociedad/categoria/ventana)
BAJA;8449HKF;MEDICION AVANZADA CONTAD.;Motocicleta;PROPIEDAD;2024-09-26;Elegible pero sin alta compatible (sociedad/categoria/ventana)
BAJA;8497MPH;CGAC;Furgoneta/Furgón;ALQUILER_CORTA_DURACION;2025-03-24;Posesion 235d < 730d exigidos para un vehiculo tenido en arrendamiento
BAJA;8677MGK;CGAC;Furgoneta/Furgón;ALQUILER_CORTA_DURACION;2024-07-31;Posesion 181d < 730d exigidos para un vehiculo tenido en arrendamiento
BAJA;8891LBN;G.O.INVERSIONES S.L.;Turismo;RENTING;2024-07-05;Elegible pero sin alta compatible (sociedad/categoria/ventana)
BAJA;8896LLB;AVSA;Turismo;RENTING;2025-12-02;Elegible pero sin alta compatible (sociedad/categoria/ventana)
BAJA;8983LFG;CANALIZ. CIVILES S.A.;Camión Caja;ALQUILER_CORTA_DURACION;2023-11-15;Elegible pero sin alta compatible (sociedad/categoria/ventana)
BAJA;9052KZG;AVSA;Turismo;RENTING;2023-05-01;Elegible pero sin alta compatible (sociedad/categoria/ventana)
BAJA;9083LCH;EMP.MUN.SERVEIS PUBLICS;Turismo;RENTING;2024-11-26;Elegible pero sin alta compatible (sociedad/categoria/ventana)
BAJA;9094KRJ;CGAC;Furgoneta/Furgón;RENTING;2024-03-03;Elegible pero sin alta compatible (sociedad/categoria/ventana)
BAJA;9105KTC;G.O.MEDIOAMBIENTE S.L.;Turismo;RENTING;2023-03-13;Elegible pero sin alta compatible (sociedad/categoria/ventana)
BAJA;9106LCH;CGAC;Turismo;RENTING;2023-12-04;Elegible pero sin alta compatible (sociedad/categoria/ventana)
BAJA;9165FXM;ISG;Camión;PROPIEDAD;2024-02-19;Elegible pero sin alta compatible (sociedad/categoria/ventana)
BAJA;9191HTG;MEDICION AVANZADA CONTAD.;Motocicleta;PROPIEDAD;2024-09-26;Elegible pero sin alta compatible (sociedad/categoria/ventana)
BAJA;9197LKX;EGEVASA;Furgoneta/Furgón;RENTING;2024-12-01;Elegible pero sin alta compatible (sociedad/categoria/ventana)
BAJA;9244JFB;MEDICION AVANZADA CONTAD.;Motocicleta;PROPIEDAD;2024-09-23;Elegible pero sin alta compatible (sociedad/categoria/ventana)
BAJA;9275LMG;EGEVASA;Furgoneta/Furgón;RENTING;2025-02-08;Elegible pero sin alta compatible (sociedad/categoria/ventana)
BAJA;9416LMG;EGEVASA;Furgoneta/Furgón;RENTING;2025-03-05;Elegible pero sin alta compatible (sociedad/categoria/ventana)
BAJA;9431LKC;AVSA;Turismo;RENTING;2025-12-16;Elegible pero sin alta compatible (sociedad/categoria/ventana)
BAJA;9438LGT;JEMAR E HIJOS S.L.;Camión;PROPIEDAD;2023-11-15;Elegible pero sin alta compatible (sociedad/categoria/ventana)
BAJA;9455LKC;AYWA SER.AMBIENTALES SL;Turismo;RENTING;2025-01-27;Elegible pero sin alta compatible (sociedad/categoria/ventana)
BAJA;9471LKC;EGEVASA;Turismo;RENTING;2024-10-29;Elegible pero sin alta compatible (sociedad/categoria/ventana)
BAJA;9752BFB;ARAGONESA SER.PUBLICOS SL;Camión;CEDIDO (POR AYTO, PLANTA.;2023-11-17;Elegible pero sin alta compatible (sociedad/categoria/ventana)
BAJA;9763LDB;AVSA;Turismo;RENTING;2024-03-20;Elegible pero sin alta compatible (sociedad/categoria/ventana)
BAJA;9778KJG;EMIVASA;Turismo;RENTING;2023-05-02;Elegible pero sin alta compatible (sociedad/categoria/ventana)
BAJA;9850JTR;;Furgoneta/Furgón;RENTING;2023-10-17;Sin sociedad del grupo asignada
BAJA;9853KXP;MEDICION AVANZADA CONTAD.;Turismo;ALQUILER_CORTA_DURACION;2024-01-31;Posesion 40d < 730d exigidos para un vehiculo tenido en arrendamiento
BAJA;B04590606;MEDICION AVANZADA CONTAD.;Remolque;PROPIEDAD;2024-12-04;Matricula no valida ('B04590606'): no es un vehiculo
BAJA;B36750049;UTE EDAR TABLADA;Maquinaria Auxiliar;CEDIDO (POR AYTO, PLANTA.;2023-05-16;Matricula no valida ('B36750049'): no es un vehiculo
BAJA;BASE40;UTE EXPLT. ETAPS ZONA EST;;PROPIEDAD;2025-07-03;Matricula no valida ('BASE40'): no es un vehiculo | Sin categoria de vehiculo | Posesion 129d < 365d exigidos
BAJA;BASE41;UTE EXPLT. ETAPS ZONA EST;;PROPIEDAD;2025-07-03;Matricula no valida ('BASE41'): no es un vehiculo | Sin categoria de vehiculo | Posesion 129d < 365d exigidos
BAJA;BASE43;G.O.MEDIOAMBIENTE S.L.;;PROPIEDAD;2025-07-03;Matricula no valida ('BASE43'): no es un vehiculo | Sin categoria de vehiculo | Posesion 129d < 365d exigidos
BAJA;BASE44;G.O.MEDIOAMBIENTE S.L.;;PROPIEDAD;2025-07-03;Matricula no valida ('BASE44'): no es un vehiculo | Sin categoria de vehiculo | Posesion 129d < 365d exigidos
BAJA;BASEJ;AVSA;Grupo Electrógeno;PROPIEDAD;2025-04-24;Matricula no valida ('BASEJ'): no es un vehiculo
BAJA;BR534034;UTE EDAR TABLADA;Remolque;CEDIDO (POR AYTO, PLANTA.;2024-04-15;Matricula no valida ('BR534034'): no es un vehiculo
BAJA;BR534037;UTE EDAR TABLADA;Remolque;CEDIDO (POR AYTO, PLANTA.;2024-04-15;Matricula no valida ('BR534037'): no es un vehiculo
BAJA;BRODRIGO;CANALIZ. CIVILES S.A.;Maquinaria Auxiliar;PROPIEDAD;2024-09-16;Matricula no valida ('BRODRIGO'): no es un vehiculo
BAJA;C0296BMW;EMPRESA MIXTA CALPE;Ciclomotor;PROPIEDAD;2024-11-29;Elegible pero sin alta compatible (sociedad/categoria/ventana)
BAJA;C4053BMN;EGEVASA;Ciclomotor;PROPIEDAD;2024-05-15;Elegible pero sin alta compatible (sociedad/categoria/ventana)
BAJA;E1476BDM;JEMAR E HIJOS S.L.;Tractor;PROPIEDAD;2023-11-15;Elegible pero sin alta compatible (sociedad/categoria/ventana)
BAJA;E6404BGM;EGEVASA;Remolque;PROPIEDAD;2024-10-14;Elegible pero sin alta compatible (sociedad/categoria/ventana)
BAJA;JGRAS;CANALIZ. CIVILES S.A.;Maquinaria Auxiliar;PROPIEDAD;2023-12-19;Matricula no valida ('JGRAS'): no es un vehiculo
BAJA;JOMOCHE;CANALIZ. CIVILES S.A.;Excavadora;PROPIEDAD;2024-05-20;Matricula no valida ('JOMOCHE'): no es un vehiculo
BAJA;PGASTON;CANALIZ. CIVILES S.A.;Maquinaria Auxiliar;PROPIEDAD;2023-03-31;Matricula no valida ('PGASTON'): no es un vehiculo
BAJA;R0732BDB;JEMAR E HIJOS S.L.;Camión;PROPIEDAD;2023-11-15;Elegible pero sin alta compatible (sociedad/categoria/ventana)
BAJA;R1645BBR;JEMAR E HIJOS S.L.;Camión;PROPIEDAD;2023-11-15;Elegible pero sin alta compatible (sociedad/categoria/ventana)
BAJA;R3474BBH;ARAGONESA SER.PUBLICOS SL;Remolque;PROPIEDAD;2023-07-17;Elegible pero sin alta compatible (sociedad/categoria/ventana)
BAJA;R4952BBT;JEMAR E HIJOS S.L.;Camión;PROPIEDAD;2023-11-15;Elegible pero sin alta compatible (sociedad/categoria/ventana)
BAJA;R4991BCP;JEMAR E HIJOS S.L.;Camión;PROPIEDAD;2023-11-15;Elegible pero sin alta compatible (sociedad/categoria/ventana)
BAJA;R7781BCD;JEMAR E HIJOS S.L.;Camión;PROPIEDAD;2023-11-15;Elegible pero sin alta compatible (sociedad/categoria/ventana)
BAJA;R9871BBD;JEMAR E HIJOS S.L.;Camión;PROPIEDAD;2023-11-15;Elegible pero sin alta compatible (sociedad/categoria/ventana)
BAJA;V1409HD;JEMAR E HIJOS S.L.;Camión;PROPIEDAD;2023-11-15;Elegible pero sin alta compatible (sociedad/categoria/ventana)
BAJA;V15847R;JEMAR E HIJOS S.L.;Camión;PROPIEDAD;2023-11-15;Matricula no valida ('V15847R'): no es un vehiculo
BAJA;V6288GB;ISG;Camión;PROPIEDAD;2023-02-15;Elegible pero sin alta compatible (sociedad/categoria/ventana)
BAJA;V96122VE;JEMAR E HIJOS S.L.;Tractor;PROPIEDAD;2023-11-15;Matricula no valida ('V96122VE'): no es un vehiculo
BAJA;VBOIX;CANALIZ. CIVILES S.A.;Maquinaria Auxiliar;PROPIEDAD;2024-06-30;Matricula no valida ('VBOIX'): no es un vehiculo
