MATRICULA_ALTA;MARCA_MODELO_ALTA;SOCIEDAD;COD_SOCIEDAD;CATEGORIA;FECHA_ADQUISICION;ORIGEN_FECHA_ALTA;MATRICULA_BAJA;MARCA_MODELO_BAJA;COMBUSTIBLE_BAJA;REGIMEN_BAJA;PROVEEDOR_BAJA;FECHA_BAJA;ORIGEN_FECHA_BAJA;DESFASE_DIAS;DIAS_POSESION;ESTADO_POSESION;R1_MISMA_SOCIEDAD;R2_POSESION;R3_BEV_VS_COMBUSTION;R4_MISMA_CATEGORIA;R5_VENTANA_TEMPORAL;R6_AMBITO_CAE;NIVEL;DOC_ALTA;DOC_BAJA;ACCION_PENDIENTE
0767MJM;PEUGEOT E-PARTNER PRO 100 KW;CGAC;1505;Furgoneta/Furgón;2023-07-19;DOCUMENTO;5875KPY;FIAT FIORINO 1.3 MULTIJET 80 CV;DIESEL;ALQUILER_CORTA_DURACION;NORTHGATE;2023-06-30;DOCUMENTO;-19;1716;DEFENDIBLE;OK (CGAC);OK 1716d >= 730d (REGIMEN_A_VERIFICAR);OK (ELECTRICO <- DIESEL);OK (Furgoneta/Furgón);OK (2023-06-30 en 2023-04-19..2024-01-19);OK (2023-07-19 > 2023-01-25);C_CONDICIONADO;SI;SI;"posesion solo defendible por antiguedad: aportar contratos previos; REGIMEN_A_VERIFICAR: el Excel etiqueta el contrato como 'ALQUILER_CORTA_DURACION' con NORTHGATE. El contrato solo cubre 149d, por debajo de los 730d exigidos; la pareja se sostiene unicamente contando 1716d desde la matriculacion. COMPROBAR con doble motivo: hay que reconstruir con contratos la cadena completa de posesion, porque a dia de hoy lo unico documentado es la antiguedad del vehiculo, no que lo tuviera el solicitante"
0971MXH;RENAULT KANGOO VAN E-TECH ELECTRIC;MEDICION AVANZADA CONTAD.;1021;Furgoneta/Furgón;2024-12-19;DOCUMENTO;7001LLV;PEUGEOT PARTNER 1.5 HDI 98 CV;DIESEL;RENTING;AYVENS;2025-04-04;DOCUMENTO;106;1527;ACREDITADA;OK (MEDICION AVANZADA CONTAD.);OK 1527d >= 730d;OK (ELECTRICO <- DIESEL);OK (Furgoneta/Furgón);OK (2025-04-04 en 2024-09-19..2025-06-19);OK (2024-12-19 > 2023-01-25);A_ACREDITADO;SI;SI;Documentacion en carpeta y reglas verificadas con documento
1066MWL;CITROEN Ë-BERLINGO 136 CV;CGAC;1505;Turismo;2024-10-23;DOCUMENTO;1947LMM;NISSAN NV250 1.5 DCI L1H1 95 CV;DIESEL;ALQUILER_CORTA_DURACION;NORTHGATE;2024-09-07;DOCUMENTO;-46;1311;DEFENDIBLE;OK (CGAC);OK 1311d >= 730d (REGIMEN_A_VERIFICAR);OK (ELECTRICO <- DIESEL);OK (Turismo);OK (2024-09-07 en 2024-07-23..2025-04-23);OK (2024-10-23 > 2023-01-25);C_CONDICIONADO;SI;SI;"posesion solo defendible por antiguedad: aportar contratos previos; REGIMEN_A_VERIFICAR: el Excel etiqueta el contrato como 'ALQUILER_CORTA_DURACION' con NORTHGATE. El contrato solo cubre 372d, por debajo de los 730d exigidos; la pareja se sostiene unicamente contando 1311d desde la matriculacion. COMPROBAR con doble motivo: hay que reconstruir con contratos la cadena completa de posesion, porque a dia de hoy lo unico documentado es la antiguedad del vehiculo, no que lo tuviera el solicitante; la fecha de alta del Excel contradice a la factura: decidir cual vale"
1108KHK;RENAULT ZOE 40;G.O.MEDIOAMBIENTE S.L.;1004;Turismo;2024-06-14;DOCUMENTO;2653LTG;SEAT LEON 2.0 TDI;DIESEL;ALQUILER_CORTA_DURACION;AYVENS;2024-06-07;DOCUMENTO;-7;973;DEFENDIBLE;OK (G.O.MEDIOAMBIENTE S.L.);OK 973d >= 730d (REGIMEN_A_VERIFICAR);OK (ELECTRICO <- DIESEL);OK (Turismo);OK (2024-06-07 en 2024-03-14..2024-12-14);OK (2024-06-14 > 2023-01-25);C_CONDICIONADO;SI;SI;"posesion solo defendible por antiguedad: aportar contratos previos; REGIMEN_A_VERIFICAR: el Excel etiqueta el contrato como 'ALQUILER_CORTA_DURACION' con AYVENS. El contrato solo cubre 30d, por debajo de los 730d exigidos; la pareja se sostiene unicamente contando 973d desde la matriculacion. COMPROBAR con doble motivo: hay que reconstruir con contratos la cadena completa de posesion, porque a dia de hoy lo unico documentado es la antiguedad del vehiculo, no que lo tuviera el solicitante; la fecha de alta del Excel contradice a la factura: decidir cual vale"
1666MGR;OPEL VIVARO E-FURGON;CGAC;1505;Furgoneta/Furgón;2023-04-27;DOCUMENTO;T5455BB;FORD TRANSIT 1.8 TDCI 80 CV;DIESEL;PROPIEDAD;PROPIEDAD;2023-03-09;DOCUMENTO;-49;8833;ACREDITADA;OK (CGAC);OK 8833d >= 365d;OK (ELECTRICO <- DIESEL);OK (Furgoneta/Furgón);OK (2023-03-09 en 2023-01-27..2023-10-27);OK (2023-04-27 > 2023-01-25);A_ACREDITADO;SI;SI;Documentacion en carpeta y reglas verificadas con documento
1667MGR;OPEL VIVARO E-FURGON;CGAC;1505;Furgoneta/Furgón;2023-04-26;DOCUMENTO;5949LLV;PEUGEOT PARTNER 1.5 HDI 98 CV;DIESEL;RENTING;AYVENS;2023-04-08;DOCUMENTO;-18;761;ACREDITADA;OK (CGAC);OK 761d >= 730d;OK (ELECTRICO <- DIESEL);OK (Furgoneta/Furgón);OK (2023-04-08 en 2023-01-26..2023-10-26);OK (2023-04-26 > 2023-01-25);A_ACREDITADO;SI;SI;Documentacion en carpeta y reglas verificadas con documento
2076MJP;RENAULT KANGOO VAN E-TECH;CGAC;1505;Furgoneta/Furgón;2023-07-25;DOCUMENTO;6586KPD;OPEL COMBO 1.3 CDTI 95 CV;DIESEL;RENTING;AYVENS;2023-10-26;DOCUMENTO;93;1870;ACREDITADA;OK (CGAC);OK 1870d >= 730d;OK (ELECTRICO <- DIESEL);OK (Furgoneta/Furgón);OK (2023-10-26 en 2023-04-25..2024-01-25);OK (2023-07-25 > 2023-01-25);B_INDICIO;SI;SI;"acta de devolucion presente y legible (26/10/2023, 177987 km, conductor JACINTO PLAZA) pero aportada como imagen JPEG: pedir el mismo documento en PDF, que es lo que exige la normativa. NO volver a pedir el acta"
2120MFK;RENAULT KANGOO VAN E-TECH;CGAC;1505;Furgoneta/Furgón;2023-07-25;DOCUMENTO;4535KFH;PEUGEOT PARTNER 1.6 HDI 75 CV;DIESEL;ALQUILER_CORTA_DURACION;NORTHGATE;2023-09-19;DOCUMENTO;56;2135;DEFENDIBLE;OK (CGAC);OK 2135d >= 730d (REGIMEN_A_VERIFICAR);OK (ELECTRICO <- DIESEL);OK (Furgoneta/Furgón);OK (2023-09-19 en 2023-04-25..2024-01-25);OK (2023-07-25 > 2023-01-25);C_CONDICIONADO;SI;SI;"posesion solo defendible por antiguedad: aportar contratos previos; REGIMEN_A_VERIFICAR: el Excel etiqueta el contrato como 'ALQUILER_CORTA_DURACION' con NORTHGATE. El contrato solo cubre 230d, por debajo de los 730d exigidos; la pareja se sostiene unicamente contando 2135d desde la matriculacion. COMPROBAR con doble motivo: hay que reconstruir con contratos la cadena completa de posesion, porque a dia de hoy lo unico documentado es la antiguedad del vehiculo, no que lo tuviera el solicitante; la fecha de alta del Excel contradice a la factura: decidir cual vale"
2704MXG;RENAULT KANGOO VAN E-TECH ELECTRIC;AVSA;1001;Furgoneta/Furgón;2024-12-18;DOCUMENTO;9377LMG;PEUGEOT PARTNER 1.5 HDI 98 CV;DIESEL;RENTING;AYVENS;2025-03-05;EXCEL;77;1461;ACREDITADA;OK (AVSA);OK 1461d >= 730d;OK (ELECTRICO <- DIESEL);OK (Furgoneta/Furgón);OK (2025-03-05 en 2024-09-18..2025-06-18);OK (2024-12-18 > 2023-01-25);B_INDICIO;SI;NO;"confirmar fecha de baja con el documento de entrega; aportar acta de devolucion firmada; solicitar carpeta documental del vehiculo sustituido"
2705MXG;RENAULT KANGOO VAN E-TECH ELECTRIC;AVSA;1001;Furgoneta/Furgón;2024-12-18;DOCUMENTO;4926LMS;PEUGEOT PARTNER 1.5 HDI 98 CV;DIESEL;RENTING;AYVENS;2024-10-29;DOCUMENTO;-50;1303;ACREDITADA;OK (AVSA);OK 1303d >= 730d;OK (ELECTRICO <- DIESEL);OK (Furgoneta/Furgón);OK (2024-10-29 en 2024-09-18..2025-06-18);OK (2024-12-18 > 2023-01-25);C_CONDICIONADO;SI;SI;baja por siniestro: acreditar con baja definitiva DGT, no con venta
2720MWP;CITROEN Ë-C3 ELÉCTRICO MAX;AVSA;1001;Turismo;2024-11-21;DOCUMENTO;9428LKC;SEAT ARONA 1.6 TDI 95 CV;DIESEL;RENTING;AYVENS;2024-10-29;DOCUMENTO;-23;1461;ACREDITADA;OK (AVSA);OK 1461d >= 730d;OK (ELECTRICO <- DIESEL);OK (Turismo);OK (2024-10-29 en 2024-08-21..2025-05-21);OK (2024-11-21 > 2023-01-25);C_CONDICIONADO;SI;SI;"baja por siniestro total declarado el 29/10/2024: acreditar con baja definitiva DGT. NO pedir acta de devolucion: en un siniestro total no existe. La comunicacion de AYVENS que hay en carpeta es un .docx, formato no valido para TRA050: pedirla en PDF"
2722MXG;RENAULT KANGOO VAN E-TECH ELECTRIC;AVSA;1001;Furgoneta/Furgón;2024-12-18;DOCUMENTO;3598LKS;VOLKSWAGEN CADDY 4*4 2.0 TDI 122 CV;DIESEL;RENTING;AYVENS;2024-10-16;DOCUMENTO;-63;1420;ACREDITADA;OK (AVSA);OK 1420d >= 730d;OK (ELECTRICO <- DIESEL);OK (Furgoneta/Furgón);OK (2024-10-16 en 2024-09-18..2025-06-18);OK (2024-12-18 > 2023-01-25);C_CONDICIONADO;SI;SI;baja por siniestro: acreditar con baja definitiva DGT, no con venta
2737MXG;RENAULT KANGOO VAN E-TECH ELECTRIC;AVSA;1001;Furgoneta/Furgón;2024-12-18;DOCUMENTO;5937LLV;PEUGEOT PARTNER 1.5 HDI 98 CV;DIESEL;RENTING;AYVENS;2024-10-18;DOCUMENTO;-61;1313;ACREDITADA;OK (AVSA);OK 1313d >= 730d;OK (ELECTRICO <- DIESEL);OK (Furgoneta/Furgón);OK (2024-10-18 en 2024-09-18..2025-06-18);OK (2024-12-18 > 2023-01-25);C_CONDICIONADO;SI;SI;baja por siniestro: acreditar con baja definitiva DGT, no con venta
3103MXJ;RENAULT KANGOO VAN E-TECH ELECTRIC;AYWA SER.AMBIENTALES SL;1064;Furgoneta/Furgón;2024-12-17;DOCUMENTO;6736LLV;PEUGEOT PARTNER 1.5 HDI 98 CV;DIESEL;RENTING;AYVENS;2025-04-25;DOCUMENTO;129;1551;ACREDITADA;OK (AYWA SER.AMBIENTALES SL);OK 1551d >= 730d;OK (ELECTRICO <- DIESEL);OK (Furgoneta/Furgón);OK (2025-04-25 en 2024-09-17..2025-06-17);OK (2024-12-17 > 2023-01-25);A_ACREDITADO;SI;SI;Documentacion en carpeta y reglas verificadas con documento
3105MWZ;CITROEN Ë-C3 ELÉCTRICO MAX;EMIVASA;1200;Turismo;2024-11-28;DOCUMENTO;7970LKX;VOLVO V60 2.0 T6 AWD 340 CV;HÍBRIDO;RENTING;ARVAL SERV;2025-01-10;DOCUMENTO;43;1519;ACREDITADA;OK (EMIVASA);OK 1519d >= 730d;OK (ELECTRICO <- HÍBRIDO);OK (Turismo);OK (2025-01-10 en 2024-08-28..2025-05-28);OK (2024-11-28 > 2023-01-25);A_ACREDITADO;SI;SI;Documentacion en carpeta y reglas verificadas con documento
3111MWZ;CITROEN Ë-C3 ELÉCTRICO MAX;EMIVASA;1200;Turismo;2024-11-29;DOCUMENTO;0383LKK;VOLVO XC40 1.5 T5 TRI 262 CV;HÍBRIDO;RENTING;ARVAL SERV;2025-04-29;DOCUMENTO;151;1658;ACREDITADA;OK (EMIVASA);OK 1658d >= 730d;OK (ELECTRICO <- HÍBRIDO);OK (Turismo);OK (2025-04-29 en 2024-08-29..2025-05-29);OK (2024-11-29 > 2023-01-25);A_ACREDITADO;SI;SI;Documentacion en carpeta y reglas verificadas con documento
3116MXJ;RENAULT KANGOO VAN E-TECH ELECTRIC;G.O.MEDIOAMBIENTE S.L.;1004;Furgoneta/Furgón;2024-12-23;DOCUMENTO;8767LLW;PEUGEOT PARTNER 1.5 HDI 98 CV;DIESEL;RENTING;AYVENS;2025-02-11;EXCEL;50;1453;ACREDITADA;OK (G.O.MEDIOAMBIENTE S.L.);OK 1453d >= 730d;OK (ELECTRICO <- DIESEL);OK (Furgoneta/Furgón);OK (2025-02-11 en 2024-09-23..2025-06-23);OK (2024-12-23 > 2023-01-25);B_INDICIO;SI;SI;"confirmar fecha de baja con el documento de entrega; aportar acta de devolucion firmada"
3121MWZ;CITROEN Ë-C3 ELÉCTRICO MAX;EMIVASA;1200;Turismo;2024-11-29;DOCUMENTO;3904LLT;SEAT ARONA 1.0 TSI 115 CV;GASOLINA;RENTING;AYVENS;2025-01-14;DOCUMENTO;46;1447;ACREDITADA;OK (EMIVASA);OK 1447d >= 730d;OK (ELECTRICO <- GASOLINA);OK (Turismo);OK (2025-01-14 en 2024-08-29..2025-05-29);OK (2024-11-29 > 2023-01-25);A_ACREDITADO;SI;SI;Documentacion en carpeta y reglas verificadas con documento
3122MWZ;CITROEN Ë-C3 ELÉCTRICO MAX;EMIVASA;1200;Turismo;2024-11-29;DOCUMENTO;8066LKY;SEAT ARONA 1.6 TDI 95 CV;DIESEL;RENTING;AYVENS;2024-12-01;DOCUMENTO;2;1461;ACREDITADA;OK (EMIVASA);OK 1461d >= 730d;OK (ELECTRICO <- DIESEL);OK (Turismo);OK (2024-12-01 en 2024-08-29..2025-05-29);OK (2024-11-29 > 2023-01-25);A_ACREDITADO;SI;SI;Documentacion en carpeta y reglas verificadas con documento
3133MWZ;CITROEN Ë-C3 ELÉCTRICO MAX;EMIVASA;1200;Turismo;2024-11-29;DOCUMENTO;4170LKY;SEAT ARONA 1.6 TDI 95 CV;DIESEL;RENTING;AYVENS;2024-12-01;DOCUMENTO;2;1461;ACREDITADA;OK (EMIVASA);OK 1461d >= 730d;OK (ELECTRICO <- DIESEL);OK (Turismo);OK (2024-12-01 en 2024-08-29..2025-05-29);OK (2024-11-29 > 2023-01-25);A_ACREDITADO;SI;SI;Documentacion en carpeta y reglas verificadas con documento
3143MWZ;CITROEN Ë-C3 ELÉCTRICO MAX;EMIVASA;1200;Turismo;2024-11-29;DOCUMENTO;9417LKC;SEAT ARONA 1.6 TDI 95 CV;DIESEL;RENTING;AYVENS;2025-01-15;DOCUMENTO;47;1539;ACREDITADA;OK (EMIVASA);OK 1539d >= 730d;OK (ELECTRICO <- DIESEL);OK (Turismo);OK (2025-01-15 en 2024-08-29..2025-05-29);OK (2024-11-29 > 2023-01-25);A_ACREDITADO;SI;SI;Documentacion en carpeta y reglas verificadas con documento
3147MXJ;RENAULT KANGOO VAN E-TECH ELECTRIC;AYWA SER.AMBIENTALES SL;1064;Furgoneta/Furgón;2024-12-17;DOCUMENTO;6741LLV;PEUGEOT PARTNER 1.5 HDI 98 CV;DIESEL;RENTING;AYVENS;2025-02-08;DOCUMENTO;53;1461;ACREDITADA;OK (AYWA SER.AMBIENTALES SL);OK 1461d >= 730d;OK (ELECTRICO <- DIESEL);OK (Furgoneta/Furgón);OK (2025-02-08 en 2024-09-17..2025-06-17);OK (2024-12-17 > 2023-01-25);B_INDICIO;SI;SI;"el acta de devolucion existe pero su OCR es ilegible (fecha '15 74 775', matricula '9 41 LLV'): releer el PDF original a mano y confirmar fecha y matricula antes de presentar. NO pedir el acta al cliente, la tiene"
3154MXJ;RENAULT KANGOO VAN E-TECH ELECTRIC;AYWA SER.AMBIENTALES SL;1064;Furgoneta/Furgón;2024-12-17;DOCUMENTO;7015LLV;PEUGEOT PARTNER 1.5 HDI 98 CV;DIESEL;RENTING;AYVENS;2024-10-29;DOCUMENTO;-49;1366;ACREDITADA;OK (AYWA SER.AMBIENTALES SL);OK 1366d >= 730d;OK (ELECTRICO <- DIESEL);OK (Furgoneta/Furgón);OK (2024-10-29 en 2024-09-17..2025-06-17);OK (2024-12-17 > 2023-01-25);C_CONDICIONADO;SI;SI;baja por siniestro: acreditar con baja definitiva DGT, no con venta
3157MXJ;RENAULT KANGOO VAN E-TECH ELECTRIC;EGEVASA;1400;Furgoneta/Furgón;2024-12-19;DOCUMENTO;6844LLV;PEUGEOT PARTNER 1.5 HDI 98 CV;DIESEL;RENTING;AYVENS;2025-02-08;EXCEL;51;1461;ACREDITADA;OK (EGEVASA);OK 1461d >= 730d;OK (ELECTRICO <- DIESEL);OK (Furgoneta/Furgón);OK (2025-02-08 en 2024-09-19..2025-06-19);OK (2024-12-19 > 2023-01-25);B_INDICIO;SI;NO;"confirmar fecha de baja con el documento de entrega; aportar acta de devolucion firmada; solicitar carpeta documental del vehiculo sustituido"
3178MXJ;RENAULT KANGOO VAN E-TECH ELECTRIC;AYWA SER.AMBIENTALES SL;1064;Furgoneta/Furgón;2024-12-17;DOCUMENTO;6987LLV;PEUGEOT PARTNER 1.5 HDI 98 CV;DIESEL;RENTING;AYVENS;2024-12-27;DOCUMENTO;10;1421;ACREDITADA;OK (AYWA SER.AMBIENTALES SL);OK 1421d >= 730d;OK (ELECTRICO <- DIESEL);OK (Furgoneta/Furgón);OK (2024-12-27 en 2024-09-17..2025-06-17);OK (2024-12-17 > 2023-01-25);C_CONDICIONADO;SI;SI;baja por siniestro: acreditar con baja definitiva DGT, no con venta
3191MXJ;RENAULT KANGOO VAN E-TECH ELECTRIC;EGEVASA;1400;Furgoneta/Furgón;2024-12-19;DOCUMENTO;8313LLZ;PEUGEOT PARTNER 1.5 HDI 98 CV;DIESEL;RENTING;AYVENS;2025-02-08;EXCEL;51;1461;ACREDITADA;OK (EGEVASA);OK 1461d >= 730d;OK (ELECTRICO <- DIESEL);OK (Furgoneta/Furgón);OK (2025-02-08 en 2024-09-19..2025-06-19);OK (2024-12-19 > 2023-01-25);B_INDICIO;SI;NO;"confirmar fecha de baja con el documento de entrega; aportar acta de devolucion firmada; solicitar carpeta documental del vehiculo sustituido"
3246MXJ;RENAULT KANGOO VAN E-TECH ELECTRIC;AYWA SER.AMBIENTALES SL;1064;Furgoneta/Furgón;2024-12-23;EXCEL;7055LLV;PEUGEOT PARTNER 1.5 HDI 98 CV;DIESEL;RENTING;AYVENS;2025-03-31;EXCEL;98;1481;ACREDITADA;OK (AYWA SER.AMBIENTALES SL);OK 1481d >= 730d;OK (ELECTRICO <- DIESEL);OK (Furgoneta/Furgón);OK (2025-03-31 en 2024-09-23..2025-06-23);OK (2024-12-23 > 2023-01-25);B_INDICIO;NO;NO;"confirmar fecha de adquisicion con factura o permiso de circulacion; confirmar fecha de baja con el documento de entrega; aportar acta de devolucion firmada; solicitar carpeta documental del vehiculo nuevo; solicitar carpeta documental del vehiculo sustituido"
4073MXK;RENAULT KANGOO VAN E-TECH ELECTRIC;CGAC;1505;Furgoneta/Furgón;2024-12-20;DOCUMENTO;5932LLV;PEUGEOT PARTNER 1.5 HDI 98 CV;DIESEL;RENTING;AYVENS;2025-03-27;DOCUMENTO;97;1515;ACREDITADA;OK (CGAC);OK 1515d >= 730d;OK (ELECTRICO <- DIESEL);OK (Furgoneta/Furgón);OK (2025-03-27 en 2024-09-20..2025-06-20);OK (2024-12-20 > 2023-01-25);A_ACREDITADO;SI;SI;Documentacion en carpeta y reglas verificadas con documento
4597LGC;MAN E-TGE;ISG;1053;Furgoneta/Furgón;2024-05-10;EXCEL;9305LMG;PEUGEOT PARTNER 1.5 HDI 98 CV;DIESEL;RENTING;AYVENS;2024-05-07;DOCUMENTO;-3;1156;ACREDITADA;OK (ISG);OK 1156d >= 730d;OK (ELECTRICO <- DIESEL);OK (Furgoneta/Furgón);OK (2024-05-07 en 2024-02-10..2024-11-10);OK (2024-05-10 > 2023-01-25);C_CONDICIONADO;NO;SI;"baja por siniestro: acreditar con baja definitiva DGT, no con venta; confirmar fecha de adquisicion con factura o permiso de circulacion; solicitar carpeta documental del vehiculo nuevo"
5020MWL;NISSAN TOWNSTAR;CGAC;1505;Furgoneta/Furgón;2024-11-18;DOCUMENTO;3569LKS;VOLKSWAGEN CADDY 4*4 2.0 TDI 122 CV;DIESEL;RENTING;AYVENS;2024-11-07;DOCUMENTO;-11;1414;ACREDITADA;OK (CGAC);OK 1414d >= 730d;OK (ELECTRICO <- DIESEL);OK (Furgoneta/Furgón);OK (2024-11-07 en 2024-08-18..2025-05-18);OK (2024-11-18 > 2023-01-25);C_CONDICIONADO;SI;SI;baja por siniestro: acreditar con baja definitiva DGT, no con venta
5230MXL;RENAULT KANGOO VAN E-TECH ELECTRIC;UTE CHIVA(AV/EG);1319;Furgoneta/Furgón;2024-12-20;DOCUMENTO;6794LLV;PEUGEOT PARTNER 1.5 HDI 98 CV;DIESEL;RENTING;AYVENS;2024-11-19;DOCUMENTO;-31;1365;ACREDITADA;OK (UTE CHIVA(AV/EG));OK 1365d >= 730d;OK (ELECTRICO <- DIESEL);OK (Furgoneta/Furgón);OK (2024-11-19 en 2024-09-20..2025-06-20);OK (2024-12-20 > 2023-01-25);C_CONDICIONADO;SI;SI;baja por siniestro: acreditar con baja definitiva DGT, no con venta
5566KSD;RENAULT ZOE 40;G.O.MEDIOAMBIENTE S.L.;1004;Turismo;2023-12-22;DOCUMENTO;6994KGK;PEUGEOT 208 1.2 82 CV;GASOLINA;ALQUILER_CORTA_DURACION;AYVENS;2023-12-01;DOCUMENTO;-21;815;ACREDITADA;OK (G.O.MEDIOAMBIENTE S.L.);OK 815d >= 730d (REGIMEN_A_VERIFICAR);OK (ELECTRICO <- GASOLINA);OK (Turismo);OK (2023-12-01 en 2023-09-22..2024-06-22);OK (2023-12-22 > 2023-01-25);C_CONDICIONADO;SI;SI;"REGIMEN_A_VERIFICAR: el Excel etiqueta el contrato como 'ALQUILER_CORTA_DURACION' con AYVENS. Se admite porque el propio contrato cubre 815d, por encima de los 730d exigidos: lo que decide es el periodo de posesion, no como se llame el contrato. El contrato aportado (LEASEPLAN SERVICIOS S.A., hoy AYVENS, nº 406863, inicio 13/09/2021) es de 'un mes prorrogable', asi que la posesion continuada NO queda probada por el contrato solo: pedir las facturas mensuales o un certificado del arrendador que acredite el alquiler ininterrumpido de 13/09/2021 a 01/12/2023. Ese contrato ademas se aporto en .doc: pedirlo en PDF, NO volver a pedir el documento. La fecha de alta del Excel contradice a la factura: decidir cual vale. Revision manual 2026-08-10"
6007MWV;CITROEN Ë-C3 ELÉCTRICO MAX;AVSA;1001;Turismo;2024-11-26;DOCUMENTO;7017KWW;OPEL ASTRA 1.6 CDTI 110 CV;DIESEL;RENTING;AYVENS;2025-01-24;DOCUMENTO;59;2076;ACREDITADA;OK (AVSA);OK 2076d >= 730d;OK (ELECTRICO <- DIESEL);OK (Turismo);OK (2025-01-24 en 2024-08-26..2025-05-26);OK (2024-11-26 > 2023-01-25);A_ACREDITADO;SI;SI;Documentacion en carpeta y reglas verificadas con documento
6015MWV;CITROEN Ë-C3 ELÉCTRICO MAX;AVSA;1001;Turismo;2024-11-26;DOCUMENTO;7962LKX;VOLVO XC60 2.0 T6 AWD 340 CV;HÍBRIDO;RENTING;ARVAL SERV;2024-12-20;DOCUMENTO;24;1498;ACREDITADA;OK (AVSA);OK 1498d >= 730d;OK (ELECTRICO <- HÍBRIDO);OK (Turismo);OK (2024-12-20 en 2024-08-26..2025-05-26);OK (2024-11-26 > 2023-01-25);A_ACREDITADO;SI;SI;Documentacion en carpeta y reglas verificadas con documento
6029MWV;CITROEN Ë-C3 ELÉCTRICO MAX;AVSA;1001;Turismo;2024-11-26;DOCUMENTO;5255LKX;SEAT ARONA 1.6 TDI 95 CV;DIESEL;RENTING;AYVENS;2025-01-20;DOCUMENTO;55;1462;ACREDITADA;OK (AVSA);OK 1462d >= 730d;OK (ELECTRICO <- DIESEL);OK (Turismo);OK (2025-01-20 en 2024-08-26..2025-05-26);OK (2024-11-26 > 2023-01-25);A_ACREDITADO;SI;SI;Documentacion en carpeta y reglas verificadas con documento
6033MWV;CITROEN Ë-C3 ELÉCTRICO MAX;CANALIZ. CIVILES S.A.;1066;Turismo;2024-11-26;DOCUMENTO;5243LKX;SEAT ARONA 1.6 TDI 95 CV;DIESEL;RENTING;AYVENS;2025-01-13;DOCUMENTO;48;1504;ACREDITADA;OK (CANALIZ. CIVILES S.A.);OK 1504d >= 730d;OK (ELECTRICO <- DIESEL);OK (Turismo);OK (2025-01-13 en 2024-08-26..2025-05-26);OK (2024-11-26 > 2023-01-25);A_ACREDITADO;SI;SI;Documentacion en carpeta y reglas verificadas con documento
6037MWV;CITROEN Ë-C3 ELÉCTRICO MAX;CANALIZ. CIVILES S.A.;1066;Turismo;2024-11-29;DOCUMENTO;5996LKM;SEAT LEON 1.6 TDI 115 CV;DIESEL;RENTING;AYVENS;2025-05-22;DOCUMENTO;174;1659;ACREDITADA;OK (CANALIZ. CIVILES S.A.);OK 1659d >= 730d;OK (ELECTRICO <- DIESEL);OK (Turismo);OK (2025-05-22 en 2024-08-29..2025-05-29);OK (2024-11-29 > 2023-01-25);A_ACREDITADO;SI;SI;Documentacion en carpeta y reglas verificadas con documento
6042MWV;CITROEN Ë-C3 ELÉCTRICO MAX;AVSA;1001;Turismo;2024-11-26;DOCUMENTO;0269LLK;SEAT ARONA 1.6 TDI 95 CV;DIESEL;RENTING;AYVENS;2025-01-23;DOCUMENTO;58;1501;ACREDITADA;OK (AVSA);OK 1501d >= 730d;OK (ELECTRICO <- DIESEL);OK (Turismo);OK (2025-01-23 en 2024-08-26..2025-05-26);OK (2024-11-26 > 2023-01-25);A_ACREDITADO;SI;SI;Documentacion en carpeta y reglas verificadas con documento
6082MWV;CITROEN Ë-C3 ELÉCTRICO MAX;E.Mixta Metropolitana, SA;1203;Turismo;2024-11-25;DOCUMENTO;5493LLD;VOLKSWAGEN CADDY 4*4 2.0 TDI 122 CV KOMBI;DIESEL;RENTING;AYVENS;2024-12-11;DOCUMENTO;16;1461;ACREDITADA;OK (E.Mixta Metropolitana, SA);OK 1461d >= 730d;OK (ELECTRICO <- DIESEL);OK (Turismo);OK (2024-12-11 en 2024-08-25..2025-05-25);OK (2024-11-25 > 2023-01-25);A_ACREDITADO;SI;SI;Documentacion en carpeta y reglas verificadas con documento
6083MWV;CITROEN Ë-C3 ELÉCTRICO MAX;AVSA;1001;Turismo;2024-11-28;DOCUMENTO;5829LLX;SEAT ARONA 1.0 TSI 115 CV;GASOLINA;RENTING;AYVENS;2025-01-14;DOCUMENTO;47;1456;ACREDITADA;OK (AVSA);OK 1456d >= 730d;OK (ELECTRICO <- GASOLINA);OK (Turismo);OK (2025-01-14 en 2024-08-28..2025-05-28);OK (2024-11-28 > 2023-01-25);A_ACREDITADO;SI;SI;Documentacion en carpeta y reglas verificadas con documento
6084MWV;CITROEN Ë-C3 ELÉCTRICO MAX;AVSA;1001;Turismo;2024-11-26;DOCUMENTO;9418LKC;SEAT ARONA 1.6 TDI 95 CV;DIESEL;RENTING;AYVENS;2025-01-22;DOCUMENTO;57;1546;ACREDITADA;OK (AVSA);OK 1546d >= 730d;OK (ELECTRICO <- DIESEL);OK (Turismo);OK (2025-01-22 en 2024-08-26..2025-05-26);OK (2024-11-26 > 2023-01-25);A_ACREDITADO;SI;SI;Documentacion en carpeta y reglas verificadas con documento
6089MWV;CITROEN Ë-C3 ELÉCTRICO MAX;AVSA;1001;Turismo;2024-11-28;DOCUMENTO;9504LDD;OPEL GRANDLAND X 1.5 CDTI 130 CV;DIESEL;RENTING;AYVENS;2025-05-21;DOCUMENTO;174;1979;ACREDITADA;OK (AVSA);OK 1979d >= 730d;OK (ELECTRICO <- DIESEL);OK (Turismo);OK (2025-05-21 en 2024-08-28..2025-05-28);OK (2024-11-28 > 2023-01-25);A_ACREDITADO;SI;SI;Documentacion en carpeta y reglas verificadas con documento
6094MWV;CITROEN Ë-C3 ELÉCTRICO MAX;AVSA;1001;Turismo;2024-11-27;DOCUMENTO;9494LKC;SEAT ARONA 1.6 TDI 95 CV;DIESEL;RENTING;AYVENS;2025-01-14;DOCUMENTO;48;1538;ACREDITADA;OK (AVSA);OK 1538d >= 730d;OK (ELECTRICO <- DIESEL);OK (Turismo);OK (2025-01-14 en 2024-08-27..2025-05-27);OK (2024-11-27 > 2023-01-25);A_ACREDITADO;SI;SI;Documentacion en carpeta y reglas verificadas con documento
6097MWV;CITROEN Ë-C3 ELÉCTRICO MAX;AVSA;1001;Turismo;2024-11-28;DOCUMENTO;1451LDY;OPEL GRANDLAND X 1.5 CDTI 130 CV AUTO;DIESEL;RENTING;AYVENS;2025-05-21;DOCUMENTO;174;1938;ACREDITADA;OK (AVSA);OK 1938d >= 730d;OK (ELECTRICO <- DIESEL);OK (Turismo);OK (2025-05-21 en 2024-08-28..2025-05-28);OK (2024-11-28 > 2023-01-25);A_ACREDITADO;SI;SI;Documentacion en carpeta y reglas verificadas con documento
6124MWV;CITROEN Ë-C3 ELÉCTRICO MAX;ISG;1053;Turismo;2024-11-26;DOCUMENTO;9276LMB;SEAT ARONA 1.6 TDI 95 CV;DIESEL;RENTING;AYVENS;2025-02-05;DOCUMENTO;71;1478;ACREDITADA;OK (ISG);OK 1478d >= 730d;OK (ELECTRICO <- DIESEL);OK (Turismo);OK (2025-02-05 en 2024-08-26..2025-05-26);OK (2024-11-26 > 2023-01-25);A_ACREDITADO;SI;SI;Documentacion en carpeta y reglas verificadas con documento
6126MWV;CITROEN Ë-C3 ELÉCTRICO MAX;ISG;1053;Turismo;2024-11-26;DOCUMENTO;3043KBJ;VOLKSWAGEN CADDY 4*4 2.0 TDI 122 CV;DIESEL;RENTING;AYVENS;2025-05-22;DOCUMENTO;177;2876;ACREDITADA;OK (ISG);OK 2876d >= 730d;OK (ELECTRICO <- DIESEL);OK (Turismo);OK (2025-05-22 en 2024-08-26..2025-05-26);OK (2024-11-26 > 2023-01-25);A_ACREDITADO;SI;SI;Documentacion en carpeta y reglas verificadas con documento
6128MWV;CITROEN Ë-C3 ELÉCTRICO MAX;ISG;1053;Turismo;2024-11-28;DOCUMENTO;0251LLK;SEAT ARONA 1.6 TDI 95 CV;DIESEL;RENTING;AYVENS;2024-10-29;DOCUMENTO;-30;1408;ACREDITADA;OK (ISG);OK 1408d >= 730d;OK (ELECTRICO <- DIESEL);OK (Turismo);OK (2024-10-29 en 2024-08-28..2025-05-28);OK (2024-11-28 > 2023-01-25);C_CONDICIONADO;SI;SI;baja por siniestro: acreditar con baja definitiva DGT, no con venta
6209MWV;CITROEN Ë-C3 ELÉCTRICO MAX;EMP.AG.POTABL.MALGRAT SA;1507;Turismo;2024-11-29;EXCEL;4223LJV;VOLKSWAGEN CADDY 2.0 TDI 102 CV;DIESEL;RENTING;VWRENTING;2024-12-09;DOCUMENTO;10;1554;ACREDITADA;OK (EMP.AG.POTABL.MALGRAT SA);OK 1554d >= 730d;OK (ELECTRICO <- DIESEL);OK (Turismo);OK (2024-12-09 en 2024-08-29..2025-05-29);OK (2024-11-29 > 2023-01-25);B_INDICIO;NO;SI;"confirmar fecha de adquisicion con factura o permiso de circulacion; solicitar carpeta documental del vehiculo nuevo"
6233MXY;CITROEN Ë-C3 ELÉCTRICO MAX;CGAC;1505;Turismo;2025-01-24;EXCEL;1192LPK;SEAT ARONA 1.6 TDI 95 CV;DIESEL;RENTING;AYVENS;2025-06-11;EXCEL;138;1461;ACREDITADA;OK (CGAC);OK 1461d >= 730d;OK (ELECTRICO <- DIESEL);OK (Turismo);OK (2025-06-11 en 2024-10-24..2025-07-24);OK (2025-01-24 > 2023-01-25);C_CONDICIONADO;NO;NO;"baja por siniestro: acreditar con baja definitiva DGT, no con venta; confirmar fecha de adquisicion con factura o permiso de circulacion; confirmar fecha de baja con el documento de entrega; aportar acta de devolucion firmada; solicitar carpeta documental del vehiculo nuevo; solicitar carpeta documental del vehiculo sustituido"
6245MWV;CITROEN Ë-C3 ELÉCTRICO MAX;E.Mixta Metropolitana, SA;1203;Turismo;2024-11-26;DOCUMENTO;3931LLT;SEAT ARONA 1.0 TSI 115 CV;GASOLINA;RENTING;AYVENS;2025-01-30;DOCUMENTO;65;1463;ACREDITADA;OK (E.Mixta Metropolitana, SA);OK 1463d >= 730d;OK (ELECTRICO <- GASOLINA);OK (Turismo);OK (2025-01-30 en 2024-08-26..2025-05-26);OK (2024-11-26 > 2023-01-25);A_ACREDITADO;SI;SI;Documentacion en carpeta y reglas verificadas con documento
6334MXF;RENAULT KANGOO VAN E-TECH ELECTRIC;AVSA;1001;Furgoneta/Furgón;2024-12-18;DOCUMENTO;6997LLV;PEUGEOT PARTNER 1.5 HDI 98 CV;DIESEL;RENTING;AYVENS;2025-02-08;EXCEL;52;1461;ACREDITADA;OK (AVSA);OK 1461d >= 730d;OK (ELECTRICO <- DIESEL);OK (Furgoneta/Furgón);OK (2025-02-08 en 2024-09-18..2025-06-18);OK (2024-12-18 > 2023-01-25);B_INDICIO;SI;NO;"confirmar fecha de baja con el documento de entrega; aportar acta de devolucion firmada; solicitar carpeta documental del vehiculo sustituido"
6398MWV;CITROEN Ë-C3 ELÉCTRICO MAX;CGAC;1505;Turismo;2024-11-21;DOCUMENTO;0019LLR;SEAT LEON 1.6 TDI 115 CV;DIESEL;RENTING;AYVENS;2025-04-01;DOCUMENTO;131;1544;ACREDITADA;OK (CGAC);OK 1544d >= 730d;OK (ELECTRICO <- DIESEL);OK (Turismo);OK (2025-04-01 en 2024-08-21..2025-05-21);OK (2024-11-21 > 2023-01-25);A_ACREDITADO;SI;SI;Documentacion en carpeta y reglas verificadas con documento
6439MWV;CITROEN Ë-C3 ELÉCTRICO MAX;G.O.MEDIOAMBIENTE S.L.;1004;Turismo;2024-11-26;DOCUMENTO;0246LLK;SEAT ARONA 1.6 TDI 95 CV;DIESEL;RENTING;AYVENS;2025-04-11;DOCUMENTO;136;1572;ACREDITADA;OK (G.O.MEDIOAMBIENTE S.L.);OK 1572d >= 730d;OK (ELECTRICO <- DIESEL);OK (Turismo);OK (2025-04-11 en 2024-08-26..2025-05-26);OK (2024-11-26 > 2023-01-25);A_ACREDITADO;SI;SI;Documentacion en carpeta y reglas verificadas con documento
6442MWV;CITROEN Ë-C3 ELÉCTRICO MAX;G.O.MEDIOAMBIENTE S.L.;1004;Turismo;2024-11-26;DOCUMENTO;3942LLT;SEAT ARONA 1.0 TSI 115 CV;GASOLINA;RENTING;AYVENS;2025-03-14;DOCUMENTO;108;1506;ACREDITADA;OK (G.O.MEDIOAMBIENTE S.L.);OK 1506d >= 730d;OK (ELECTRICO <- GASOLINA);OK (Turismo);OK (2025-03-14 en 2024-08-26..2025-05-26);OK (2024-11-26 > 2023-01-25);A_ACREDITADO;SI;SI;Documentacion en carpeta y reglas verificadas con documento
6444MWV;CITROEN Ë-C3 ELÉCTRICO MAX;G.O.MEDIOAMBIENTE S.L.;1004;Turismo;2024-11-29;DOCUMENTO;4988LLY;SEAT ARONA 1.6 TDI 95 CV;DIESEL;RENTING;AYVENS;2025-01-19;DOCUMENTO;51;1461;ACREDITADA;OK (G.O.MEDIOAMBIENTE S.L.);OK 1461d >= 730d;OK (ELECTRICO <- DIESEL);OK (Turismo);OK (2025-01-19 en 2024-08-29..2025-05-29);OK (2024-11-29 > 2023-01-25);A_ACREDITADO;SI;SI;Documentacion en carpeta y reglas verificadas con documento
6445MWV;CITROEN Ë-C3 ELÉCTRICO MAX;CGAC;1505;Turismo;2024-11-29;DOCUMENTO;9413LKC;SEAT ARONA 1.6 TDI 95 CV;DIESEL;RENTING;AYVENS;2025-02-07;DOCUMENTO;70;1542;ACREDITADA;OK (CGAC);OK 1542d >= 730d;OK (ELECTRICO <- DIESEL);OK (Turismo);OK (2025-02-07 en 2024-08-29..2025-05-29);OK (2024-11-29 > 2023-01-25);A_ACREDITADO;SI;SI;Documentacion en carpeta y reglas verificadas con documento
6492MWV;CITROEN Ë-C3 ELÉCTRICO MAX;MEDICION AVANZADA CONTAD.;1021;Turismo;2024-11-29;DOCUMENTO;0818LKK;SEAT ARONA 1.6 TDI 95 CV;DIESEL;RENTING;AYVENS;2025-01-10;DOCUMENTO;42;1533;ACREDITADA;OK (MEDICION AVANZADA CONTAD.);OK 1533d >= 730d;OK (ELECTRICO <- DIESEL);OK (Turismo);OK (2025-01-10 en 2024-08-29..2025-05-29);OK (2024-11-29 > 2023-01-25);A_ACREDITADO;SI;SI;Documentacion en carpeta y reglas verificadas con documento
6493MWV;CITROEN Ë-C3 ELÉCTRICO MAX;MEDICION AVANZADA CONTAD.;1021;Turismo;2024-11-26;DOCUMENTO;8030LKY;SEAT ARONA 1.6 TDI 95 CV;DIESEL;RENTING;AYVENS;2025-01-16;DOCUMENTO;51;1507;ACREDITADA;OK (MEDICION AVANZADA CONTAD.);OK 1507d >= 730d;OK (ELECTRICO <- DIESEL);OK (Turismo);OK (2025-01-16 en 2024-08-26..2025-05-26);OK (2024-11-26 > 2023-01-25);A_ACREDITADO;SI;SI;Documentacion en carpeta y reglas verificadas con documento
6558MWV;CITROEN Ë-C3 ELÉCTRICO MAX;G.O.MEDIOAMBIENTE S.L.;1004;Turismo;2024-11-28;DOCUMENTO;9977LLM;RENAULT KANGOO 1.5 DCI 95 CV KOMBI;DIESEL;RENTING;AYVENS;2025-04-24;DOCUMENTO;147;1529;ACREDITADA;OK (G.O.MEDIOAMBIENTE S.L.);OK 1529d >= 730d;OK (ELECTRICO <- DIESEL);OK (Turismo);OK (2025-04-24 en 2024-08-28..2025-05-28);OK (2024-11-28 > 2023-01-25);A_ACREDITADO;SI;SI;Documentacion en carpeta y reglas verificadas con documento
6559MWV;CITROEN Ë-C3 ELÉCTRICO MAX;G.O.MEDIOAMBIENTE S.L.;1004;Turismo;2024-11-25;DOCUMENTO;9019LBN;OPEL ASTRA 1.6 CDTI 110 CV;DIESEL;RENTING;AYVENS;2024-10-02;DOCUMENTO;-54;1818;ACREDITADA;OK (G.O.MEDIOAMBIENTE S.L.);OK 1818d >= 730d;OK (ELECTRICO <- DIESEL);OK (Turismo);OK (2024-10-02 en 2024-08-25..2025-05-25);OK (2024-11-25 > 2023-01-25);A_ACREDITADO;SI;SI;Documentacion en carpeta y reglas verificadas con documento
7775MXF;RENAULT KANGOO VAN E-TECH ELECTRIC;GAMASER;1009;Furgoneta/Furgón;2024-12-18;DOCUMENTO;5969LLV;PEUGEOT PARTNER 1.5 HDI 98 CV;DIESEL;RENTING;AYVENS;2024-11-06;DOCUMENTO;-42;1374;ACREDITADA;OK (GAMASER);OK 1374d >= 730d;OK (ELECTRICO <- DIESEL);OK (Furgoneta/Furgón);OK (2024-11-06 en 2024-09-18..2025-06-18);OK (2024-12-18 > 2023-01-25);C_CONDICIONADO;SI;SI;baja por siniestro: acreditar con baja definitiva DGT, no con venta
8349MXG;RENAULT KANGOO VAN E-TECH ELECTRIC;ISG;1053;Furgoneta/Furgón;2024-12-19;DOCUMENTO;5918LLV;PEUGEOT PARTNER 1.5 HDI 98 CV;DIESEL;RENTING;AYVENS;2025-02-05;DOCUMENTO;48;1469;ACREDITADA;OK (ISG);OK 1469d >= 730d;OK (ELECTRICO <- DIESEL);OK (Furgoneta/Furgón);OK (2025-02-05 en 2024-09-19..2025-06-19);OK (2024-12-19 > 2023-01-25);C_CONDICIONADO;SI;SI;baja por siniestro: acreditar con baja definitiva DGT, no con venta
8597MWT;RENAULT KANGOO VAN E-TECH ELECTRIC;CGAC;1505;Furgoneta/Furgón;2024-11-28;DOCUMENTO;4938LMS;PEUGEOT PARTNER 1.5 HDI 98 CV;DIESEL;RENTING;AYVENS;2025-04-08;EXCEL;131;1461;ACREDITADA;OK (CGAC);OK 1461d >= 730d;OK (ELECTRICO <- DIESEL);OK (Furgoneta/Furgón);OK (2025-04-08 en 2024-08-28..2025-05-28);OK (2024-11-28 > 2023-01-25);C_CONDICIONADO;SI;NO;"baja por siniestro: acreditar con baja definitiva DGT, no con venta; confirmar fecha de baja con el documento de entrega; aportar acta de devolucion firmada; solicitar carpeta documental del vehiculo sustituido"
8628MWT;RENAULT KANGOO VAN E-TECH ELECTRIC;CANALIZ. CIVILES S.A.;1066;Furgoneta/Furgón;2024-11-29;EXCEL;7399LLP;RENAULT MASTER L2H2 2.3 DCI 135 CV;DIESEL;RENTING;AYVENS;2025-04-23;EXCEL;145;1461;ACREDITADA;OK (CANALIZ. CIVILES S.A.);OK 1461d >= 730d;OK (ELECTRICO <- DIESEL);OK (Furgoneta/Furgón);OK (2025-04-23 en 2024-08-29..2025-05-29);OK (2024-11-29 > 2023-01-25);C_CONDICIONADO;NO;NO;"baja por siniestro: acreditar con baja definitiva DGT, no con venta; confirmar fecha de adquisicion con factura o permiso de circulacion; confirmar fecha de baja con el documento de entrega; aportar acta de devolucion firmada; solicitar carpeta documental del vehiculo nuevo; solicitar carpeta documental del vehiculo sustituido"
8634MWT;RENAULT KANGOO VAN E-TECH ELECTRIC;CANALIZ. CIVILES S.A.;1066;Furgoneta/Furgón;2024-11-28;DOCUMENTO;9369LMG;PEUGEOT PARTNER 1.5 HDI 98 CV;DIESEL;RENTING;AYVENS;2025-03-31;EXCEL;123;1487;ACREDITADA;OK (CANALIZ. CIVILES S.A.);OK 1487d >= 730d;OK (ELECTRICO <- DIESEL);OK (Furgoneta/Furgón);OK (2025-03-31 en 2024-08-28..2025-05-28);OK (2024-11-28 > 2023-01-25);B_INDICIO;SI;NO;"confirmar fecha de baja con el documento de entrega; aportar acta de devolucion firmada; solicitar carpeta documental del vehiculo sustituido"
8662NDJ;POLESTAR POLESTAR 2;EMIVASA;1200;Turismo;2025-07-04;EXCEL;1485LSB;RENAULT ARKANA TCE 140 CV;HÍBRIDO;RENTING;AYVENS;2025-06-04;DOCUMENTO;-30;1398;ACREDITADA;OK (EMIVASA);OK 1398d >= 730d;OK (ELECTRICO <- HÍBRIDO);OK (Turismo);OK (2025-06-04 en 2025-04-04..2026-01-04);OK (2025-07-04 > 2023-01-25);B_INDICIO;NO;SI;"confirmar fecha de adquisicion con factura o permiso de circulacion; solicitar carpeta documental del vehiculo nuevo"
8873KDN;RENAULT ZOE 40;GAMASER;1009;Turismo;2023-11-01;EXCEL;1751LHM;VOLKSWAGEN T-ROC 1.6 TDI 115 CV;DIESEL;RENTING;VWRENTING;2023-08-31;EXCEL;-62;1155;ACREDITADA;OK (GAMASER);OK 1155d >= 730d;OK (ELECTRICO <- DIESEL);OK (Turismo);OK (2023-08-31 en 2023-08-01..2024-05-01);OK (2023-11-01 > 2023-01-25);B_INDICIO;NO;SI;"confirmar fecha de adquisicion con factura o permiso de circulacion; confirmar fecha de baja con el documento de entrega; aportar acta de devolucion firmada; solicitar carpeta documental del vehiculo nuevo"
8994MSH;NISSAN TOWNSTAR;CGAC;1505;Furgoneta/Furgón;2024-06-10;DOCUMENTO;6756LLV;PEUGEOT PARTNER 1.5 HDI 98 CV;DIESEL;RENTING;AYVENS;2024-06-28;DOCUMENTO;18;1201;ACREDITADA;OK (CGAC);OK 1201d >= 730d;OK (ELECTRICO <- DIESEL);OK (Furgoneta/Furgón);OK (2024-06-28 en 2024-03-10..2024-12-10);OK (2024-06-10 > 2023-01-25);C_CONDICIONADO;SI;SI;baja por siniestro: acreditar con baja definitiva DGT, no con venta
9050MWN;CITROEN Ë-C3 ELÉCTRICO MAX;AVSA;1001;Turismo;2024-11-21;DOCUMENTO;8298KZS;OPEL ASTRA 1.6 CDTI 110 CV;DIESEL;RENTING;AYVENS;2024-09-10;DOCUMENTO;-72;1819;ACREDITADA;OK (AVSA);OK 1819d >= 730d;OK (ELECTRICO <- DIESEL);OK (Turismo);OK (2024-09-10 en 2024-08-21..2025-05-21);OK (2024-11-21 > 2023-01-25);A_ACREDITADO;SI;SI;Documentacion en carpeta y reglas verificadas con documento
